gender,weather,temperature,humidity,location,activity,duration,top,bottom,outerwear,footwear
perempuan,mendung,24,96,indoor,berjalan,1,['kaos'],['celana panjang'],['tanpa pakaian luar'],['sneakers']
perempuan,hujan,22,78,outdoor,santai,15,['kemeja'],['celana panjang'],['jaket'],['sepatu bot']
laki-laki,cerah,9,84,outdoor,kondangan,18,['jas'],['celana panjang'],['hoodie'],['sepatu pantofel']
laki-laki,mendung,15,100,indoor,bekerja,23,['kemeja'],['celana panjang'],['hoodie'],['sneakers']
perempuan,mendung,29,71,indoor,kondangan,16,['blouse'],['rok'],['tanpa pakaian luar'],['sepatu hak']
perempuan,hujan,24,77,outdoor,santai,15,['blouse'],['celana panjang'],['jaket'],['sepatu bot']
laki-laki,cerah,15,93,outdoor,kondangan,15,['jas'],['celana panjang'],['hoodie'],['sepatu pantofel']
perempuan,cerah,34,79,outdoor,berjalan,13,['kaos'],['celana pendek'],['tanpa pakaian luar'],['sneakers']
laki-laki,mendung,25,100,outdoor,berjalan,17,['kemeja'],['celana panjang'],['tanpa pakaian luar'],['sneakers']
laki-laki,mendung,21,67,indoor,kondangan,21,['jas'],['celana panjang'],['tanpa pakaian luar'],['sepatu pantofel']
laki-laki,berawan,35,68,indoor,santai,14,['kaos'],['celana pendek'],['tanpa pakaian luar'],['sandal']
laki-laki,berawan,32,65,indoor,bekerja,15,['kemeja'],['celana panjang'],['tanpa pakaian luar'],['sneakers']
laki-laki,berawan,20,72,indoor,santai,5,['kemeja'],['celana panjang'],['tanpa pakaian luar'],['sandal']
perempuan,cerah,13,82,outdoor,bekerja,14,['kemeja'],['celana panjang'],['hoodie'],['sneakers']
perempuan,mendung,15,69,outdoor,olahraga,13,['kaos'],['legging'],['hoodie'],['sneakers']
perempuan,gerimis,38,97,outdoor,santai,3,['kaos'],['rok'],['tanpa pakaian luar'],['sandal']
perempuan,mendung,26,67,outdoor,olahraga,24,['kaos'],['legging'],['tanpa pakaian luar'],['sneakers']
laki-laki,cerah,24,82,indoor,olahraga,12,['kaos'],['celana olahraga'],['tanpa pakaian luar'],['sneakers']
perempuan,hujan,40,62,outdoor,bekerja,10,['kemeja'],['celana pendek'],['jaket'],['sepatu bot']
perempuan,mendung,8,67,outdoor,kondangan,24,['blouse'],['rok'],['hoodie'],['sepatu hak']
laki-laki,cerah,17,85,indoor,berjalan,2,['kemeja'],['celana panjang'],['hoodie'],['sneakers']
perempuan,berawan,38,60,indoor,kondangan,3,['blouse'],['rok'],['tanpa pakaian luar'],['sepatu hak']
perempuan,mendung,35,71,indoor,bekerja,24,['kemeja'],['rok'],['tanpa pakaian luar'],['sneakers']
perempuan,cerah,19,65,indoor,santai,2,['kaos'],['celana panjang'],['hoodie'],['sandal']
perempuan,hujan,38,76,outdoor,berjalan,17,['kaos'],['celana pendek'],['jaket'],['sepatu bot']
laki-laki,berawan,34,96,indoor,kondangan,19,['jas'],['celana pendek'],['tanpa pakaian luar'],['sepatu pantofel']
perempuan,gerimis,23,66,indoor,bekerja,24,['kemeja'],['celana panjang'],['tanpa pakaian luar'],['sneakers']
laki-laki,mendung,34,60,outdoor,santai,24,['kaos'],['celana pendek'],['tanpa pakaian luar'],['sandal']
perempuan,gerimis,31,93,indoor,bekerja,1,['kemeja'],['celana panjang'],['tanpa pakaian luar'],['sneakers']
perempuan,hujan,8,91,indoor,santai,8,['kemeja'],['celana panjang'],['jaket'],['sepatu bot']
perempuan,berawan,32,94,outdoor,olahraga,13,['kaos'],['legging'],['tanpa pakaian luar'],['sneakers']
laki-laki,hujan,19,86,outdoor,berjalan,9,['kemeja'],['celana panjang'],['jaket'],['sepatu bot']
perempuan,hujan,39,93,outdoor,olahraga,5,['kaos'],['legging'],['jaket'],['sneakers']
laki-laki,gerimis,30,92,indoor,berjalan,8,['kaos'],['celana panjang'],['tanpa pakaian luar'],['sneakers']
perempuan,cerah,24,72,outdoor,santai,9,['blouse'],['celana panjang'],['tanpa pakaian luar'],['sandal']
laki-laki,cerah,19,86,outdoor,olahraga,4,['kaos'],['celana olahraga'],['hoodie'],['sneakers']
laki-laki,berawan,22,87,outdoor,bekerja,15,['kemeja'],['celana panjang'],['tanpa pakaian luar'],['sneakers']
laki-laki,gerimis,14,65,indoor,santai,16,['kemeja'],['celana panjang'],['hoodie'],['sandal']
perempuan,hujan,39,68,indoor,olahraga,15,['kaos'],['legging'],['jaket'],['sneakers']
perempuan,mendung,31,88,outdoor,berjalan,7,['kemeja'],['celana panjang'],['tanpa pakaian luar'],['sneakers']
laki-laki,cerah,12,60,indoor,berjalan,20,['kemeja'],['celana panjang'],['hoodie'],['sneakers']
laki-laki,hujan,15,95,indoor,santai,6,['kaos'],['celana panjang'],['jaket'],['sepatu bot']
perempuan,hujan,31,100,outdoor,santai,4,['kaos'],['celana panjang'],['jaket'],['sepatu bot']
perempuan,mendung,28,69,indoor,berjalan,2,['kaos'],['celana panjang'],['tanpa pakaian luar'],['sneakers']
perempuan,mendung,26,81,indoor,kondangan,2,['blouse'],['rok'],['tanpa pakaian luar'],['sepatu hak']
laki-laki,cerah,18,80,indoor,bekerja,3,['kemeja'],['celana panjang'],['hoodie'],['sneakers']
perempuan,gerimis,14,70,indoor,santai,7,['kemeja'],['celana panjang'],['hoodie'],['sandal']
laki-laki,cerah,14,71,outdoor,santai,22,['kaos'],['celana panjang'],['hoodie'],['sandal']
laki-laki,berawan,32,76,outdoor,kondangan,8,['jas'],['celana panjang'],['tanpa pakaian luar'],['sepatu pantofel']
perempuan,berawan,16,66,outdoor,kondangan,8,['blouse'],['rok'],['hoodie'],['sepatu hak']
perempuan,hujan,19,83,indoor,santai,2,['blouse'],['celana panjang'],['jaket'],['sepatu bot']
laki-laki,mendung,30,97,outdoor,bekerja,12,['kemeja'],['celana panjang'],['tanpa pakaian luar'],['sneakers']
laki-laki,hujan,19,70,outdoor,santai,17,['kemeja'],['celana panjang'],['jaket'],['sepatu bot']
perempuan,berawan,9,93,outdoor,santai,20,['kemeja'],['celana panjang'],['hoodie'],['sandal']
laki-laki,cerah,15,83,outdoor,berjalan,7,['kaos'],['celana panjang'],['hoodie'],['sneakers']
laki-laki,berawan,13,61,outdoor,berjalan,15,['kemeja'],['celana panjang'],['hoodie'],['sneakers']
perempuan,berawan,23,95,outdoor,santai,5,['kemeja'],['celana panjang'],['tanpa pakaian luar'],['sandal']
perempuan,hujan,30,93,indoor,berjalan,22,['kaos'],['celana panjang'],['jaket'],['sepatu bot']
laki-laki,mendung,21,100,outdoor,santai,12,['kaos'],['celana panjang'],['tanpa pakaian luar'],['sandal']
laki-laki,hujan,8,98,outdoor,olahraga,14,['kaos'],['celana olahraga'],['jaket'],['sneakers']
perempuan,gerimis,26,66,outdoor,olahraga,6,['kaos'],['legging'],['tanpa pakaian luar'],['sneakers']
perempuan,berawan,27,85,outdoor,santai,16,['kemeja'],['celana panjang'],['tanpa pakaian luar'],['sandal']
perempuan,mendung,12,100,indoor,santai,22,['kaos'],['celana panjang'],['hoodie'],['sandal']
perempuan,mendung,22,75,outdoor,bekerja,23,['kemeja'],['celana panjang'],['tanpa pakaian luar'],['sneakers']
laki-laki,mendung,23,61,indoor,bekerja,24,['kemeja'],['celana panjang'],['tanpa pakaian luar'],['sneakers']
laki-laki,gerimis,9,66,indoor,bekerja,24,['kemeja'],['celana panjang'],['hoodie'],['sneakers']
perempuan,hujan,18,90,indoor,berjalan,4,['kemeja'],['celana panjang'],['jaket'],['sepatu bot']
perempuan,hujan,24,64,outdoor,berjalan,16,['kemeja'],['celana panjang'],['jaket'],['sepatu bot']
perempuan,berawan,39,61,indoor,berjalan,24,['kaos'],['rok'],['tanpa pakaian luar'],['sneakers']
perempuan,hujan,26,78,outdoor,santai,6,['kaos'],['celana panjang'],['jaket'],['sepatu bot']
laki-laki,mendung,9,100,indoor,santai,11,['kaos'],['celana panjang'],['hoodie'],['sandal']
perempuan,gerimis,30,66,indoor,olahraga,16,['kaos'],['legging'],['tanpa pakaian luar'],['sneakers']
laki-laki,berawan,13,79,outdoor,kondangan,7,['jas'],['celana panjang'],['hoodie'],['sepatu pantofel']
laki-laki,mendung,14,70,indoor,berjalan,4,['kemeja'],['celana panjang'],['hoodie'],['sneakers']
perempuan,mendung,17,83,indoor,bekerja,6,['kemeja'],['celana panjang'],['hoodie'],['sneakers']
perempuan,gerimis,34,82,indoor,berjalan,20,['kaos'],['celana pendek'],['tanpa pakaian luar'],['sneakers']
perempuan,gerimis,31,88,indoor,santai,13,['kemeja'],['celana panjang'],['tanpa pakaian luar'],['sandal']
laki-laki,hujan,30,90,outdoor,bekerja,8,['kemeja'],['celana panjang'],['jaket'],['sepatu bot']
laki-laki,hujan,18,62,outdoor,bekerja,13,['kemeja'],['celana panjang'],['jaket'],['sepatu bot']
perempuan,gerimis,25,66,outdoor,olahraga,3,['kaos'],['legging'],['tanpa pakaian luar'],['sneakers']
laki-laki,berawan,35,95,outdoor,kondangan,14,['jas'],['celana pendek'],['tanpa pakaian luar'],['sepatu pantofel']
laki-laki,berawan,40,88,outdoor,berjalan,9,['kaos'],['celana pendek'],['tanpa pakaian luar'],['sneakers']
perempuan,gerimis,31,70,outdoor,kondangan,2,['blouse'],['rok'],['tanpa pakaian luar'],['sepatu hak']
perempuan,gerimis,36,97,indoor,santai,8,['kaos'],['celana pendek'],['tanpa pakaian luar'],['sandal']
perempuan,berawan,28,93,outdoor,santai,15,['kaos'],['celana panjang'],['tanpa pakaian luar'],['sandal']
laki-laki,gerimis,12,92,outdoor,berjalan,15,['kemeja'],['celana panjang'],['hoodie'],['sneakers']
perempuan,hujan,26,100,indoor,kondangan,12,['blouse'],['rok'],['jaket'],['sepatu bot']
perempuan,gerimis,32,62,indoor,olahraga,5,['kaos'],['legging'],['tanpa pakaian luar'],['sneakers']
laki-laki,berawan,27,78,outdoor,berjalan,15,['kaos'],['celana panjang'],['tanpa pakaian luar'],['sneakers']
laki-laki,berawan,24,67,indoor,santai,14,['kemeja'],['celana panjang'],['tanpa pakaian luar'],['sandal']
perempuan,mendung,16,62,outdoor,bekerja,23,['kemeja'],['celana panjang'],['hoodie'],['sneakers']
laki-laki,cerah,28,75,outdoor,berjalan,13,['kaos'],['celana panjang'],['tanpa pakaian luar'],['sneakers']
perempuan,hujan,21,65,outdoor,santai,6,['kemeja'],['celana panjang'],['jaket'],['sepatu bot']
laki-laki,hujan,20,90,outdoor,berjalan,24,['kaos'],['celana panjang'],['jaket'],['sepatu bot']
laki-laki,cerah,37,81,indoor,berjalan,4,['kaos'],['celana pendek'],['tanpa pakaian luar'],['sneakers']
perempuan,cerah,25,91,indoor,kondangan,10,['blouse'],['rok'],['tanpa pakaian luar'],['sepatu hak']
perempuan,mendung,9,72,outdoor,santai,24,['kaos'],['celana panjang'],['hoodie'],['sandal']
laki-laki,berawan,15,68,indoor,bekerja,11,['kemeja'],['celana panjang'],['hoodie'],['sneakers']
laki-laki,hujan,12,69,outdoor,olahraga,19,['kaos'],['celana olahraga'],['jaket'],['sneakers']
perempuan,cerah,13,61,outdoor,olahraga,5,['kaos'],['legging'],['hoodie'],['sneakers']
perempuan,cerah,29,72,outdoor,bekerja,4,['kemeja'],['celana panjang'],['tanpa pakaian luar'],['sneakers']
laki-laki,gerimis,39,62,outdoor,berjalan,21,['kaos'],['celana pendek'],['tanpa pakaian luar'],['sneakers']
laki-laki,cerah,16,70,outdoor,berjalan,2,['kaos'],['celana panjang'],['hoodie'],['sneakers']
perempuan,cerah,28,70,indoor,bekerja,15,['kemeja'],['celana panjang'],['tanpa pakaian luar'],['sneakers']
laki-laki,gerimis,34,100,outdoor,kondangan,8,['jas'],['celana pendek'],['tanpa pakaian luar'],['sepatu pantofel']
laki-laki,mendung,13,70,indoor,kondangan,14,['jas'],['celana panjang'],['hoodie'],['sepatu pantofel']
perempuan,cerah,21,75,outdoor,olahraga,23,['kaos'],['legging'],['tanpa pakaian luar'],['sneakers']
perempuan,hujan,16,62,outdoor,kondangan,5,['blouse'],['rok'],['jaket'],['sepatu bot']
perempuan,mendung,26,91,outdoor,bekerja,7,['kemeja'],['celana panjang'],['tanpa pakaian luar'],['sneakers']
perempuan,gerimis,35,98,indoor,santai,4,['kaos'],['celana pendek'],['tanpa pakaian luar'],['sandal']
laki-laki,mendung,38,84,outdoor,berjalan,10,['kaos'],['celana pendek'],['tanpa pakaian luar'],['sneakers']
perempuan,cerah,26,68,outdoor,santai,11,['kemeja'],['celana panjang'],['tanpa pakaian luar'],['sandal']
laki-laki,gerimis,29,83,indoor,kondangan,1,['jas'],['celana panjang'],['tanpa pakaian luar'],['sepatu pantofel']
laki-laki,cerah,21,91,outdoor,santai,22,['kaos'],['celana panjang'],['tanpa pakaian luar'],['sandal']
laki-laki,gerimis,9,76,outdoor,santai,13,['kaos'],['celana panjang'],['hoodie'],['sandal']
laki-laki,berawan,39,60,outdoor,bekerja,12,['kemeja'],['celana pendek'],['tanpa pakaian luar'],['sneakers']
laki-laki,hujan,8,66,outdoor,kondangan,10,['jas'],['celana panjang'],['jaket'],['sepatu bot']
laki-laki,mendung,28,94,indoor,bekerja,14,['kemeja'],['celana panjang'],['tanpa pakaian luar'],['sneakers']
laki-laki,berawan,20,62,outdoor,santai,20,['kemeja'],['celana panjang'],['tanpa pakaian luar'],['sandal']
laki-laki,hujan,16,100,outdoor,santai,3,['kaos'],['celana panjang'],['jaket'],['sepatu bot']
laki-laki,mendung,24,91,indoor,kondangan,12,['jas'],['celana panjang'],['tanpa pakaian luar'],['sepatu pantofel']
perempuan,mendung,28,85,outdoor,kondangan,18,['blouse'],['rok'],['tanpa pakaian luar'],['sepatu hak']
perempuan,berawan,21,64,outdoor,santai,6,['blouse'],['celana panjang'],['tanpa pakaian luar'],['sandal']
perempuan,cerah,17,94,indoor,berjalan,23,['kemeja'],['celana panjang'],['hoodie'],['sneakers']
laki-laki,hujan,8,92,indoor,santai,1,['kemeja'],['celana panjang'],['jaket'],['sepatu bot']
perempuan,mendung,29,64,outdoor,berjalan,14,['kaos'],['celana panjang'],['tanpa pakaian luar'],['sneakers']
perempuan,gerimis,27,90,indoor,berjalan,18,['blouse'],['celana panjang'],['tanpa pakaian luar'],['sneakers']
laki-laki,mendung,31,99,indoor,bekerja,14,['kemeja'],['celana panjang'],['tanpa pakaian luar'],['sneakers']
laki-laki,mendung,28,65,outdoor,berjalan,7,['kaos'],['celana panjang'],['tanpa pakaian luar'],['sneakers']
laki-laki,hujan,8,88,indoor,santai,6,['kaos'],['celana panjang'],['jaket'],['sepatu bot']
laki-laki,berawan,18,61,outdoor,bekerja,5,['kemeja'],['celana panjang'],['hoodie'],['sneakers']
laki-laki,berawan,23,77,indoor,berjalan,7,['kaos'],['celana panjang'],['tanpa pakaian luar'],['sneakers']
laki-laki,mendung,13,81,indoor,kondangan,24,['jas'],['celana panjang'],['hoodie'],['sepatu pantofel']
laki-laki,hujan,12,77,outdoor,olahraga,14,['kaos'],['celana olahraga'],['jaket'],['sneakers']
perempuan,mendung,23,85,outdoor,bekerja,13,['kemeja'],['celana panjang'],['tanpa pakaian luar'],['sneakers']
laki-laki,gerimis,39,76,outdoor,bekerja,17,['kemeja'],['celana pendek'],['tanpa pakaian luar'],['sneakers']
perempuan,cerah,20,66,outdoor,kondangan,22,['blouse'],['rok'],['tanpa pakaian luar'],['sepatu hak']
laki-laki,cerah,37,83,outdoor,berjalan,7,['kaos'],['celana pendek'],['tanpa pakaian luar'],['sneakers']
perempuan,mendung,27,79,outdoor,olahraga,15,['kaos'],['legging'],['tanpa pakaian luar'],['sneakers']
perempuan,hujan,14,64,indoor,kondangan,12,['blouse'],['rok'],['jaket'],['sepatu bot']
perempuan,cerah,11,66,outdoor,bekerja,9,['kemeja'],['celana panjang'],['hoodie'],['sneakers']
perempuan,hujan,37,82,outdoor,bekerja,17,['kemeja'],['celana pendek'],['jaket'],['sepatu bot']
perempuan,cerah,23,80,outdoor,berjalan,9,['kemeja'],['celana panjang'],['tanpa pakaian luar'],['sneakers']
perempuan,hujan,30,64,outdoor,bekerja,2,['kemeja'],['celana panjang'],['jaket'],['sepatu bot']
laki-laki,berawan,28,81,indoor,santai,9,['kaos'],['celana panjang'],['tanpa pakaian luar'],['sandal']
laki-laki,cerah,26,60,outdoor,berjalan,23,['kaos'],['celana panjang'],['tanpa pakaian luar'],['sneakers']
laki-laki,mendung,19,95,indoor,santai,14,['kemeja'],['celana panjang'],['hoodie'],['sandal']
perempuan,gerimis,23,68,indoor,bekerja,13,['kemeja'],['celana panjang'],['tanpa pakaian luar'],['sneakers']
laki-laki,cerah,24,95,indoor,berjalan,7,['kemeja'],['celana panjang'],['tanpa pakaian luar'],['sneakers']
perempuan,gerimis,35,95,outdoor,bekerja,5,['kemeja'],['rok'],['tanpa pakaian luar'],['sneakers']
laki-laki,cerah,38,81,indoor,santai,12,['kaos'],['celana pendek'],['tanpa pakaian luar'],['sandal']
perempuan,mendung,11,65,outdoor,berjalan,11,['kemeja'],['celana panjang'],['hoodie'],['sneakers']
laki-laki,cerah,32,63,outdoor,berjalan,3,['kemeja'],['celana panjang'],['tanpa pakaian luar'],['sneakers']
laki-laki,mendung,16,99,outdoor,kondangan,8,['jas'],['celana panjang'],['hoodie'],['sepatu pantofel']
perempuan,cerah,39,84,indoor,bekerja,17,['kemeja'],['celana pendek'],['tanpa pakaian luar'],['sneakers']
laki-laki,hujan,14,97,outdoor,santai,12,['kaos'],['celana panjang'],['jaket'],['sepatu bot']
laki-laki,berawan,10,99,indoor,bekerja,3,['kemeja'],['celana panjang'],['hoodie'],['sneakers']
perempuan,berawan,33,75,outdoor,kondangan,23,['blouse'],['rok'],['tanpa pakaian luar'],['sepatu hak']
laki-laki,mendung,29,68,outdoor,bekerja,17,['kemeja'],['celana panjang'],['tanpa pakaian luar'],['sneakers']
laki-laki,mendung,38,67,indoor,olahraga,11,['kaos'],['celana olahraga'],['tanpa pakaian luar'],['sneakers']
perempuan,gerimis,34,68,indoor,santai,12,['kaos'],['celana pendek'],['tanpa pakaian luar'],['sandal']
laki-laki,cerah,9,89,outdoor,berjalan,6,['kemeja'],['celana panjang'],['hoodie'],['sneakers']
laki-laki,berawan,40,91,outdoor,bekerja,4,['kemeja'],['celana pendek'],['tanpa pakaian luar'],['sneakers']
laki-laki,hujan,20,94,indoor,bekerja,16,['kemeja'],['celana panjang'],['jaket'],['sepatu bot']
laki-laki,mendung,27,76,indoor,santai,5,['kemeja'],['celana panjang'],['tanpa pakaian luar'],['sandal']
perempuan,cerah,20,80,outdoor,olahraga,1,['kaos'],['legging'],['tanpa pakaian luar'],['sneakers']
perempuan,gerimis,27,72,outdoor,berjalan,16,['kaos'],['celana panjang'],['tanpa pakaian luar'],['sneakers']
laki-laki,hujan,30,69,indoor,santai,23,['kemeja'],['celana panjang'],['jaket'],['sepatu bot']
perempuan,mendung,8,87,indoor,olahraga,18,['kaos'],['legging'],['hoodie'],['sneakers']
perempuan,berawan,16,84,indoor,olahraga,23,['kaos'],['legging'],['hoodie'],['sneakers']
laki-laki,cerah,24,87,indoor,berjalan,4,['kaos'],['celana panjang'],['tanpa pakaian luar'],['sneakers']
laki-laki,cerah,15,60,indoor,santai,5,['kaos'],['celana panjang'],['hoodie'],['sandal']
laki-laki,hujan,20,85,outdoor,berjalan,15,['kaos'],['celana panjang'],['jaket'],['sepatu bot']
laki-laki,cerah,29,68,outdoor,santai,7,['kaos'],['celana panjang'],['tanpa pakaian luar'],['sandal']
perempuan,cerah,9,78,outdoor,santai,5,['kemeja'],['celana panjang'],['hoodie'],['sandal']
perempuan,mendung,9,61,indoor,olahraga,24,['kaos'],['legging'],['hoodie'],['sneakers']
laki-laki,gerimis,10,68,indoor,bekerja,8,['kemeja'],['celana panjang'],['hoodie'],['sneakers']
perempuan,cerah,9,69,indoor,olahraga,22,['kaos'],['legging'],['hoodie'],['sneakers']
perempuan,gerimis,8,68,outdoor,kondangan,18,['blouse'],['rok'],['hoodie'],['sepatu hak']
laki-laki,hujan,25,87,outdoor,santai,7,['kaos'],['celana panjang'],['jaket'],['sepatu bot']
perempuan,hujan,33,71,indoor,bekerja,9,['kemeja'],['celana pendek'],['jaket'],['sepatu bot']
perempuan,hujan,39,79,indoor,kondangan,16,['blouse'],['rok'],['jaket'],['sepatu bot']
laki-laki,hujan,27,90,indoor,kondangan,10,['jas'],['celana panjang'],['jaket'],['sepatu bot']
laki-laki,cerah,39,66,outdoor,bekerja,20,['kemeja'],['celana pendek'],['tanpa pakaian luar'],['sneakers']
laki-laki,berawan,12,84,indoor,santai,5,['kaos'],['celana panjang'],['hoodie'],['sandal']
perempuan,hujan,16,96,outdoor,olahraga,23,['kaos'],['legging'],['jaket'],['sneakers']
laki-laki,cerah,13,73,outdoor,berjalan,21,['kaos'],['celana panjang'],['hoodie'],['sneakers']
perempuan,gerimis,30,87,outdoor,bekerja,12,['kemeja'],['celana panjang'],['tanpa pakaian luar'],['sneakers']
perempuan,berawan,24,82,indoor,santai,10,['kemeja'],['celana panjang'],['tanpa pakaian luar'],['sandal']
laki-laki,hujan,34,82,indoor,olahraga,11,['kaos'],['celana olahraga'],['jaket'],['sneakers']
perempuan,gerimis,31,73,indoor,bekerja,1,['kemeja'],['celana panjang'],['tanpa pakaian luar'],['sneakers']
perempuan,gerimis,22,70,indoor,bekerja,23,['kemeja'],['celana panjang'],['tanpa pakaian luar'],['sneakers']
laki-laki,gerimis,21,78,outdoor,santai,14,['kaos'],['celana panjang'],['tanpa pakaian luar'],['sandal']
laki-laki,berawan,23,60,outdoor,olahraga,14,['kaos'],['celana olahraga'],['tanpa pakaian luar'],['sneakers']
laki-laki,cerah,29,80,outdoor,santai,5,['kaos'],['celana panjang'],['tanpa pakaian luar'],['sandal']
perempuan,mendung,17,68,indoor,olahraga,2,['kaos'],['legging'],['hoodie'],['sneakers']
perempuan,hujan,14,74,outdoor,bekerja,21,['kemeja'],['celana panjang'],['jaket'],['sepatu bot']
laki-laki,berawan,8,67,indoor,kondangan,20,['jas'],['celana panjang'],['hoodie'],['sepatu pantofel']
perempuan,berawan,19,94,indoor,olahraga,13,['kaos'],['legging'],['hoodie'],['sneakers']
laki-laki,gerimis,8,100,indoor,olahraga,5,['kaos'],['celana olahraga'],['hoodie'],['sneakers']
perempuan,cerah,29,64,outdoor,kondangan,7,['blouse'],['rok'],['tanpa pakaian luar'],['sepatu hak']
laki-laki,gerimis,38,71,indoor,berjalan,17,['kaos'],['celana pendek'],['tanpa pakaian luar'],['sneakers']
laki-laki,cerah,21,77,indoor,olahraga,17,['kaos'],['celana olahraga'],['tanpa pakaian luar'],['sneakers']
laki-laki,mendung,10,75,indoor,bekerja,21,['kemeja'],['celana panjang'],['hoodie'],['sneakers']
perempuan,berawan,23,80,outdoor,berjalan,22,['kemeja'],['celana panjang'],['tanpa pakaian luar'],['sneakers']
laki-laki,hujan,18,62,indoor,santai,24,['kaos'],['celana panjang'],['jaket'],['sepatu bot']
perempuan,berawan,28,60,outdoor,berjalan,8,['kemeja'],['celana panjang'],['tanpa pakaian luar'],['sneakers']
perempuan,gerimis,27,76,indoor,kondangan,3,['blouse'],['rok'],['tanpa pakaian luar'],['sepatu hak']
laki-laki,gerimis,37,84,outdoor,olahraga,9,['kaos'],['celana olahraga'],['tanpa pakaian luar'],['sneakers']
perempuan,gerimis,22,75,indoor,bekerja,11,['kemeja'],['celana panjang'],['tanpa pakaian luar'],['sneakers']
laki-laki,hujan,35,79,indoor,bekerja,22,['kemeja'],['celana pendek'],['jaket'],['sepatu bot']
perempuan,hujan,15,84,indoor,santai,16,['kaos'],['celana panjang'],['jaket'],['sepatu bot']
perempuan,mendung,25,100,indoor,berjalan,15,['kemeja'],['celana panjang'],['tanpa pakaian luar'],['sneakers']
laki-laki,mendung,23,89,outdoor,kondangan,7,['jas'],['celana panjang'],['tanpa pakaian luar'],['sepatu pantofel']
perempuan,hujan,29,93,indoor,olahraga,16,['kaos'],['legging'],['jaket'],['sneakers']
perempuan,hujan,29,100,outdoor,kondangan,22,['blouse'],['rok'],['jaket'],['sepatu bot']
laki-laki,gerimis,22,71,outdoor,santai,2,['kaos'],['celana panjang'],['tanpa pakaian luar'],['sandal']
perempuan,mendung,21,81,outdoor,bekerja,9,['kemeja'],['celana panjang'],['tanpa pakaian luar'],['sneakers']
laki-laki,hujan,20,89,indoor,olahraga,20,['kaos'],['celana olahraga'],['jaket'],['sneakers']
laki-laki,mendung,24,67,indoor,berjalan,5,['kaos'],['celana panjang'],['tanpa pakaian luar'],['sneakers']
perempuan,hujan,34,85,indoor,santai,5,['kaos'],['rok'],['jaket'],['sepatu bot']
laki-laki,hujan,15,67,outdoor,berjalan,15,['kemeja'],['celana panjang'],['jaket'],['sepatu bot']
perempuan,cerah,14,89,outdoor,santai,21,['kaos'],['celana panjang'],['hoodie'],['sandal']
perempuan,berawan,10,89,outdoor,bekerja,15,['kemeja'],['celana panjang'],['hoodie'],['sneakers']
perempuan,gerimis,29,71,indoor,santai,19,['kemeja'],['celana panjang'],['tanpa pakaian luar'],['sandal']
laki-laki,mendung,9,76,outdoor,santai,3,['kaos'],['celana panjang'],['hoodie'],['sandal']
laki-laki,mendung,22,76,outdoor,bekerja,13,['kemeja'],['celana panjang'],['tanpa pakaian luar'],['sneakers']
perempuan,berawan,18,87,outdoor,berjalan,12,['blouse'],['celana panjang'],['hoodie'],['sneakers']
perempuan,hujan,34,62,outdoor,santai,20,['kaos'],['rok'],['jaket'],['sepatu bot']
perempuan,berawan,36,87,indoor,santai,13,['kaos'],['rok'],['tanpa pakaian luar'],['sandal']
laki-laki,hujan,17,87,outdoor,kondangan,14,['jas'],['celana panjang'],['jaket'],['sepatu bot']
perempuan,cerah,32,74,outdoor,santai,9,['blouse'],['celana panjang'],['tanpa pakaian luar'],['sandal']
perempuan,hujan,22,71,outdoor,bekerja,8,['kemeja'],['celana panjang'],['jaket'],['sepatu bot']
perempuan,berawan,30,87,indoor,santai,7,['blouse'],['celana panjang'],['tanpa pakaian luar'],['sandal']
laki-laki,hujan,31,63,indoor,santai,3,['kaos'],['celana panjang'],['jaket'],['sepatu bot']
perempuan,cerah,10,95,indoor,santai,2,['kaos'],['celana panjang'],['hoodie'],['sandal']
laki-laki,berawan,12,84,indoor,bekerja,19,['kemeja'],['celana panjang'],['hoodie'],['sneakers']
laki-laki,mendung,34,76,indoor,olahraga,10,['kaos'],['celana olahraga'],['tanpa pakaian luar'],['sneakers']
perempuan,hujan,16,97,outdoor,kondangan,17,['blouse'],['rok'],['jaket'],['sepatu bot']
laki-laki,gerimis,40,82,indoor,kondangan,19,['jas'],['celana pendek'],['tanpa pakaian luar'],['sepatu pantofel']
laki-laki,hujan,25,78,indoor,bekerja,4,['kemeja'],['celana panjang'],['jaket'],['sepatu bot']
perempuan,cerah,12,67,outdoor,berjalan,2,['kemeja'],['celana panjang'],['hoodie'],['sneakers']
perempuan,mendung,26,61,outdoor,berjalan,12,['kemeja'],['celana panjang'],['tanpa pakaian luar'],['sneakers']
perempuan,gerimis,33,75,indoor,bekerja,3,['kemeja'],['celana pendek'],['tanpa pakaian luar'],['sneakers']
laki-laki,hujan,32,63,indoor,bekerja,12,['kemeja'],['celana panjang'],['jaket'],['sepatu bot']
laki-laki,cerah,30,88,indoor,kondangan,7,['jas'],['celana panjang'],['tanpa pakaian luar'],['sepatu pantofel']
laki-laki,mendung,13,83,indoor,kondangan,13,['jas'],['celana panjang'],['hoodie'],['sepatu pantofel']
perempuan,gerimis,38,81,indoor,santai,5,['kaos'],['rok'],['tanpa pakaian luar'],['sandal']
perempuan,berawan,9,62,outdoor,bekerja,9,['kemeja'],['celana panjang'],['hoodie'],['sneakers']
laki-laki,cerah,15,85,outdoor,kondangan,14,['jas'],['celana panjang'],['hoodie'],['sepatu pantofel']
laki-laki,mendung,21,63,indoor,kondangan,22,['jas'],['celana panjang'],['tanpa pakaian luar'],['sepatu pantofel']
laki-laki,cerah,12,61,indoor,bekerja,11,['kemeja'],['celana panjang'],['hoodie'],['sneakers']
perempuan,berawan,32,97,indoor,kondangan,19,['blouse'],['rok'],['tanpa pakaian luar'],['sepatu hak']
laki-laki,gerimis,40,93,outdoor,santai,2,['kaos'],['celana pendek'],['tanpa pakaian luar'],['sandal']
laki-laki,berawan,33,85,indoor,olahraga,20,['kaos'],['celana olahraga'],['tanpa pakaian luar'],['sneakers']
laki-laki,hujan,8,95,outdoor,berjalan,13,['kaos'],['celana panjang'],['jaket'],['sepatu bot']
perempuan,hujan,16,78,indoor,kondangan,8,['blouse'],['rok'],['jaket'],['sepatu bot']
laki-laki,mendung,11,78,outdoor,bekerja,19,['kemeja'],['celana panjang'],['hoodie'],['sneakers']
perempuan,mendung,39,80,indoor,santai,17,['kaos'],['celana pendek'],['tanpa pakaian luar'],['sandal']
perempuan,mendung,16,64,indoor,bekerja,5,['kemeja'],['celana panjang'],['hoodie'],['sneakers']
perempuan,cerah,17,85,indoor,bekerja,18,['kemeja'],['celana panjang'],['hoodie'],['sneakers']
laki-laki,cerah,40,87,indoor,kondangan,15,['jas'],['celana pendek'],['tanpa pakaian luar'],['sepatu pantofel']
perempuan,berawan,22,96,outdoor,kondangan,23,['blouse'],['rok'],['tanpa pakaian luar'],['sepatu hak']
perempuan,gerimis,30,76,indoor,kondangan,18,['blouse'],['rok'],['tanpa pakaian luar'],['sepatu hak']
perempuan,berawan,18,97,indoor,santai,6,['blouse'],['celana panjang'],['hoodie'],['sandal']
perempuan,cerah,21,68,indoor,kondangan,15,['blouse'],['rok'],['tanpa pakaian luar'],['sepatu hak']
laki-laki,cerah,12,75,outdoor,berjalan,19,['kemeja'],['celana panjang'],['hoodie'],['sneakers']
laki-laki,berawan,20,76,indoor,santai,10,['kemeja'],['celana panjang'],['tanpa pakaian luar'],['sandal']
laki-laki,gerimis,24,72,outdoor,olahraga,24,['kaos'],['celana olahraga'],['tanpa pakaian luar'],['sneakers']
laki-laki,mendung,23,79,outdoor,olahraga,23,['kaos'],['celana olahraga'],['tanpa pakaian luar'],['sneakers']
laki-laki,berawan,20,77,outdoor,berjalan,1,['kaos'],['celana panjang'],['tanpa pakaian luar'],['sneakers']
laki-laki,cerah,12,61,indoor,bekerja,8,['kemeja'],['celana panjang'],['hoodie'],['sneakers']
laki-laki,mendung,27,63,indoor,olahraga,14,['kaos'],['celana olahraga'],['tanpa pakaian luar'],['sneakers']
perempuan,gerimis,19,99,outdoor,kondangan,13,['blouse'],['rok'],['hoodie'],['sepatu hak']
laki-laki,berawan,19,99,indoor,olahraga,16,['kaos'],['celana olahraga'],['hoodie'],['sneakers']
laki-laki,berawan,17,66,outdoor,santai,1,['kaos'],['celana panjang'],['hoodie'],['sandal']
laki-laki,cerah,33,96,outdoor,berjalan,18,['kaos'],['celana pendek'],['tanpa pakaian luar'],['sneakers']
laki-laki,mendung,10,95,outdoor,bekerja,20,['kemeja'],['celana panjang'],['hoodie'],['sneakers']
laki-laki,berawan,22,86,indoor,berjalan,21,['kaos'],['celana panjang'],['tanpa pakaian luar'],['sneakers']
laki-laki,gerimis,33,63,indoor,kondangan,7,['jas'],['celana pendek'],['tanpa pakaian luar'],['sepatu pantofel']
laki-laki,cerah,8,85,outdoor,berjalan,22,['kemeja'],['celana panjang'],['hoodie'],['sneakers']
perempuan,mendung,20,84,outdoor,bekerja,14,['kemeja'],['celana panjang'],['tanpa pakaian luar'],['sneakers']
laki-laki,gerimis,25,97,outdoor,olahraga,7,['kaos'],['celana olahraga'],['tanpa pakaian luar'],['sneakers']
perempuan,berawan,11,88,indoor,bekerja,12,['kemeja'],['celana panjang'],['hoodie'],['sneakers']
perempuan,berawan,30,86,outdoor,santai,22,['blouse'],['celana panjang'],['tanpa pakaian luar'],['sandal']
perempuan,cerah,40,91,indoor,kondangan,14,['blouse'],['rok'],['tanpa pakaian luar'],['sepatu hak']
perempuan,gerimis,33,72,outdoor,berjalan,23,['kaos'],['rok'],['tanpa pakaian luar'],['sneakers']
laki-laki,berawan,27,98,outdoor,berjalan,2,['kemeja'],['celana panjang'],['tanpa pakaian luar'],['sneakers']
laki-laki,gerimis,22,89,outdoor,bekerja,11,['kemeja'],['celana panjang'],['tanpa pakaian luar'],['sneakers']
laki-laki,gerimis,32,89,indoor,bekerja,3,['kemeja'],['celana panjang'],['tanpa pakaian luar'],['sneakers']
laki-laki,hujan,13,84,indoor,berjalan,19,['kemeja'],['celana panjang'],['jaket'],['sepatu bot']
laki-laki,gerimis,32,70,indoor,olahraga,19,['kaos'],['celana olahraga'],['tanpa pakaian luar'],['sneakers']
laki-laki,berawan,16,79,indoor,santai,8,['kaos'],['celana panjang'],['hoodie'],['sandal']
laki-laki,berawan,15,62,indoor,santai,8,['kaos'],['celana panjang'],['hoodie'],['sandal']
perempuan,hujan,30,81,indoor,berjalan,7,['kaos'],['celana panjang'],['jaket'],['sepatu bot']
laki-laki,mendung,36,71,outdoor,olahraga,23,['kaos'],['celana olahraga'],['tanpa pakaian luar'],['sneakers']
laki-laki,hujan,8,89,outdoor,berjalan,21,['kemeja'],['celana panjang'],['jaket'],['sepatu bot']
perempuan,berawan,35,72,indoor,berjalan,7,['kaos'],['rok'],['tanpa pakaian luar'],['sneakers']
laki-laki,gerimis,14,88,outdoor,berjalan,22,['kemeja'],['celana panjang'],['hoodie'],['sneakers']
laki-laki,cerah,17,62,indoor,santai,4,['kemeja'],['celana panjang'],['hoodie'],['sandal']
perempuan,gerimis,16,68,outdoor,berjalan,23,['kaos'],['celana panjang'],['hoodie'],['sneakers']
laki-laki,mendung,26,61,indoor,olahraga,7,['kaos'],['celana olahraga'],['tanpa pakaian luar'],['sneakers']
perempuan,gerimis,40,78,outdoor,olahraga,16,['kaos'],['legging'],['tanpa pakaian luar'],['sneakers']
laki-laki,cerah,14,79,outdoor,olahraga,4,['kaos'],['celana olahraga'],['hoodie'],['sneakers']
perempuan,cerah,27,90,indoor,kondangan,5,['blouse'],['rok'],['tanpa pakaian luar'],['sepatu hak']
laki-laki,cerah,22,93,indoor,berjalan,6,['kaos'],['celana panjang'],['tanpa pakaian luar'],['sneakers']
laki-laki,hujan,29,74,indoor,bekerja,11,['kemeja'],['celana panjang'],['jaket'],['sepatu bot']
perempuan,cerah,32,69,indoor,santai,4,['kemeja'],['celana panjang'],['tanpa pakaian luar'],['sandal']
perempuan,mendung,25,71,outdoor,olahraga,7,['kaos'],['legging'],['tanpa pakaian luar'],['sneakers']
laki-laki,cerah,12,99,outdoor,olahraga,21,['kaos'],['celana olahraga'],['hoodie'],['sneakers']
perempuan,berawan,27,99,outdoor,berjalan,16,['kemeja'],['celana panjang'],['tanpa pakaian luar'],['sneakers']
laki-laki,hujan,26,75,indoor,bekerja,15,['kemeja'],['celana panjang'],['jaket'],['sepatu bot']
laki-laki,mendung,13,68,outdoor,berjalan,3,['kemeja'],['celana panjang'],['hoodie'],['sneakers']
perempuan,cerah,31,69,indoor,bekerja,21,['kemeja'],['celana panjang'],['tanpa pakaian luar'],['sneakers']
laki-laki,hujan,38,79,outdoor,berjalan,20,['kaos'],['celana pendek'],['jaket'],['sepatu bot']
perempuan,mendung,31,77,outdoor,santai,10,['blouse'],['celana panjang'],['tanpa pakaian luar'],['sandal']
perempuan,mendung,15,69,outdoor,olahraga,13,['kaos'],['legging'],['hoodie'],['sneakers']
laki-laki,mendung,36,67,outdoor,olahraga,2,['kaos'],['celana olahraga'],['tanpa pakaian luar'],['sneakers']
perempuan,gerimis,28,71,outdoor,kondangan,20,['blouse'],['rok'],['tanpa pakaian luar'],['sepatu hak']
laki-laki,mendung,19,79,indoor,olahraga,11,['kaos'],['celana olahraga'],['hoodie'],['sneakers']
laki-laki,gerimis,31,75,outdoor,berjalan,16,['kemeja'],['celana panjang'],['tanpa pakaian luar'],['sneakers']
perempuan,cerah,36,64,outdoor,santai,14,['kaos'],['rok'],['tanpa pakaian luar'],['sandal']
perempuan,mendung,11,69,outdoor,olahraga,5,['kaos'],['legging'],['hoodie'],['sneakers']
laki-laki,berawan,17,70,indoor,bekerja,9,['kemeja'],['celana panjang'],['hoodie'],['sneakers']
perempuan,hujan,31,67,outdoor,olahraga,8,['kaos'],['legging'],['jaket'],['sneakers']
laki-laki,cerah,35,93,indoor,olahraga,1,['kaos'],['celana olahraga'],['tanpa pakaian luar'],['sneakers']
perempuan,hujan,32,84,indoor,bekerja,4,['kemeja'],['celana panjang'],['jaket'],['sepatu bot']
laki-laki,hujan,11,96,outdoor,berjalan,12,['kaos'],['celana panjang'],['jaket'],['sepatu bot']
perempuan,gerimis,34,79,outdoor,bekerja,12,['kemeja'],['rok'],['tanpa pakaian luar'],['sneakers']
perempuan,mendung,22,83,outdoor,bekerja,22,['kemeja'],['celana panjang'],['tanpa pakaian luar'],['sneakers']
perempuan,mendung,32,76,outdoor,berjalan,6,['blouse'],['celana panjang'],['tanpa pakaian luar'],['sneakers']
perempuan,gerimis,24,86,indoor,bekerja,19,['kemeja'],['celana panjang'],['tanpa pakaian luar'],['sneakers']
perempuan,cerah,25,70,indoor,bekerja,12,['kemeja'],['celana panjang'],['tanpa pakaian luar'],['sneakers']
laki-laki,gerimis,23,87,outdoor,santai,7,['kaos'],['celana panjang'],['tanpa pakaian luar'],['sandal']
perempuan,hujan,8,63,indoor,olahraga,4,['kaos'],['legging'],['jaket'],['sneakers']
perempuan,cerah,21,69,indoor,berjalan,23,['kemeja'],['celana panjang'],['tanpa pakaian luar'],['sneakers']
laki-laki,berawan,21,83,indoor,bekerja,8,['kemeja'],['celana panjang'],['tanpa pakaian luar'],['sneakers']
laki-laki,hujan,28,90,outdoor,berjalan,2,['kemeja'],['celana panjang'],['jaket'],['sepatu bot']
perempuan,berawan,8,78,indoor,bekerja,10,['kemeja'],['celana panjang'],['hoodie'],['sneakers']
laki-laki,berawan,29,83,outdoor,berjalan,13,['kaos'],['celana panjang'],['tanpa pakaian luar'],['sneakers']
laki-laki,gerimis,15,65,indoor,bekerja,4,['kemeja'],['celana panjang'],['hoodie'],['sneakers']
laki-laki,hujan,10,69,indoor,berjalan,9,['kaos'],['celana panjang'],['jaket'],['sepatu bot']
laki-laki,gerimis,8,67,outdoor,kondangan,8,['jas'],['celana panjang'],['hoodie'],['sepatu pantofel']
perempuan,berawan,16,66,indoor,bekerja,16,['kemeja'],['celana panjang'],['hoodie'],['sneakers']
perempuan,cerah,39,81,indoor,olahraga,15,['kaos'],['legging'],['tanpa pakaian luar'],['sneakers']
laki-laki,berawan,39,69,indoor,kondangan,10,['jas'],['celana pendek'],['tanpa pakaian luar'],['sepatu pantofel']
perempuan,cerah,25,72,indoor,bekerja,18,['kemeja'],['celana panjang'],['tanpa pakaian luar'],['sneakers']
laki-laki,cerah,25,81,outdoor,berjalan,7,['kemeja'],['celana panjang'],['tanpa pakaian luar'],['sneakers']
laki-laki,gerimis,8,89,indoor,kondangan,8,['jas'],['celana panjang'],['hoodie'],['sepatu pantofel']
perempuan,cerah,9,66,indoor,bekerja,24,['kemeja'],['celana panjang'],['hoodie'],['sneakers']
perempuan,cerah,34,60,indoor,santai,24,['kaos'],['rok'],['tanpa pakaian luar'],['sandal']
laki-laki,berawan,18,69,outdoor,kondangan,21,['jas'],['celana panjang'],['hoodie'],['sepatu pantofel']
laki-laki,cerah,36,78,indoor,santai,23,['kaos'],['celana pendek'],['tanpa pakaian luar'],['sandal']
perempuan,gerimis,34,87,outdoor,kondangan,8,['blouse'],['rok'],['tanpa pakaian luar'],['sepatu hak']
laki-laki,mendung,24,75,outdoor,kondangan,10,['jas'],['celana panjang'],['tanpa pakaian luar'],['sepatu pantofel']
laki-laki,hujan,10,93,outdoor,berjalan,17,['kaos'],['celana panjang'],['jaket'],['sepatu bot']
laki-laki,hujan,15,84,indoor,santai,24,['kaos'],['celana panjang'],['jaket'],['sepatu bot']
laki-laki,gerimis,29,89,indoor,berjalan,13,['kaos'],['celana panjang'],['tanpa pakaian luar'],['sneakers']
laki-laki,mendung,36,78,outdoor,olahraga,8,['kaos'],['celana olahraga'],['tanpa pakaian luar'],['sneakers']
laki-laki,berawan,32,89,indoor,kondangan,13,['jas'],['celana panjang'],['tanpa pakaian luar'],['sepatu pantofel']
perempuan,gerimis,27,68,outdoor,berjalan,19,['kemeja'],['celana panjang'],['tanpa pakaian luar'],['sneakers']
laki-laki,berawan,26,92,indoor,kondangan,1,['jas'],['celana panjang'],['tanpa pakaian luar'],['sepatu pantofel']
perempuan,cerah,35,72,indoor,berjalan,24,['kaos'],['rok'],['tanpa pakaian luar'],['sneakers']
laki-laki,mendung,20,60,indoor,olahraga,23,['kaos'],['celana olahraga'],['tanpa pakaian luar'],['sneakers']
perempuan,mendung,19,100,outdoor,santai,20,['kemeja'],['celana panjang'],['hoodie'],['sandal']
laki-laki,mendung,40,65,outdoor,bekerja,17,['kemeja'],['celana pendek'],['tanpa pakaian luar'],['sneakers']
perempuan,gerimis,21,76,indoor,berjalan,8,['kemeja'],['celana panjang'],['tanpa pakaian luar'],['sneakers']
laki-laki,mendung,13,78,outdoor,bekerja,6,['kemeja'],['celana panjang'],['hoodie'],['sneakers']
laki-laki,berawan,32,77,indoor,berjalan,20,['kemeja'],['celana panjang'],['tanpa pakaian luar'],['sneakers']
perempuan,hujan,37,93,outdoor,bekerja,17,['kemeja'],['celana pendek'],['jaket'],['sepatu bot']
perempuan,mendung,33,85,outdoor,olahraga,10,['kaos'],['legging'],['tanpa pakaian luar'],['sneakers']
perempuan,hujan,13,81,outdoor,santai,15,['blouse'],['celana panjang'],['jaket'],['sepatu bot']
laki-laki,berawan,17,99,indoor,bekerja,16,['kemeja'],['celana panjang'],['hoodie'],['sneakers']
perempuan,cerah,19,65,indoor,olahraga,17,['kaos'],['legging'],['hoodie'],['sneakers']
laki-laki,hujan,10,83,outdoor,berjalan,12,['kemeja'],['celana panjang'],['jaket'],['sepatu bot']
perempuan,gerimis,26,74,outdoor,kondangan,21,['blouse'],['rok'],['tanpa pakaian luar'],['sepatu hak']
laki-laki,gerimis,27,89,indoor,berjalan,12,['kaos'],['celana panjang'],['tanpa pakaian luar'],['sneakers']
perempuan,cerah,14,65,outdoor,berjalan,17,['kaos'],['celana panjang'],['hoodie'],['sneakers']
perempuan,mendung,39,60,outdoor,kondangan,13,['blouse'],['rok'],['tanpa pakaian luar'],['sepatu hak']
laki-laki,mendung,9,80,indoor,olahraga,11,['kaos'],['celana olahraga'],['hoodie'],['sneakers']
perempuan,hujan,28,77,outdoor,berjalan,6,['kemeja'],['celana panjang'],['jaket'],['sepatu bot']
laki-laki,cerah,15,75,indoor,bekerja,17,['kemeja'],['celana panjang'],['hoodie'],['sneakers']
perempuan,mendung,34,80,outdoor,bekerja,8,['kemeja'],['rok'],['tanpa pakaian luar'],['sneakers']
laki-laki,mendung,9,77,outdoor,olahraga,16,['kaos'],['celana olahraga'],['hoodie'],['sneakers']
perempuan,cerah,20,65,outdoor,kondangan,14,['blouse'],['rok'],['tanpa pakaian luar'],['sepatu hak']
laki-laki,berawan,13,93,outdoor,berjalan,22,['kemeja'],['celana panjang'],['hoodie'],['sneakers']
perempuan,gerimis,39,73,outdoor,bekerja,16,['kemeja'],['rok'],['tanpa pakaian luar'],['sneakers']
perempuan,mendung,9,64,indoor,santai,6,['blouse'],['celana panjang'],['hoodie'],['sandal']
perempuan,berawan,16,95,indoor,bekerja,15,['kemeja'],['celana panjang'],['hoodie'],['sneakers']
laki-laki,cerah,35,87,indoor,bekerja,18,['kemeja'],['celana pendek'],['tanpa pakaian luar'],['sneakers']
laki-laki,berawan,38,80,indoor,kondangan,15,['jas'],['celana pendek'],['tanpa pakaian luar'],['sepatu pantofel']
perempuan,mendung,21,65,indoor,santai,15,['blouse'],['celana panjang'],['tanpa pakaian luar'],['sandal']
laki-laki,mendung,38,88,outdoor,santai,18,['kaos'],['celana pendek'],['tanpa pakaian luar'],['sandal']
perempuan,hujan,30,89,indoor,santai,24,['kaos'],['celana panjang'],['jaket'],['sepatu bot']
perempuan,hujan,40,84,indoor,bekerja,1,['kemeja'],['rok'],['jaket'],['sepatu bot']
laki-laki,berawan,27,100,indoor,olahraga,3,['kaos'],['celana olahraga'],['tanpa pakaian luar'],['sneakers']
laki-laki,mendung,16,82,indoor,berjalan,12,['kaos'],['celana panjang'],['hoodie'],['sneakers']
laki-laki,cerah,35,81,indoor,kondangan,15,['jas'],['celana pendek'],['tanpa pakaian luar'],['sepatu pantofel']
laki-laki,cerah,20,76,outdoor,santai,2,['kaos'],['celana panjang'],['tanpa pakaian luar'],['sandal']
perempuan,gerimis,10,88,outdoor,kondangan,7,['blouse'],['rok'],['hoodie'],['sepatu hak']
perempuan,hujan,27,81,outdoor,santai,19,['blouse'],['celana panjang'],['jaket'],['sepatu bot']
laki-laki,berawan,13,69,outdoor,santai,6,['kemeja'],['celana panjang'],['hoodie'],['sandal']
laki-laki,mendung,27,79,outdoor,santai,23,['kemeja'],['celana panjang'],['tanpa pakaian luar'],['sandal']
perempuan,berawan,19,94,outdoor,olahraga,16,['kaos'],['legging'],['hoodie'],['sneakers']
laki-laki,berawan,12,79,indoor,santai,11,['kemeja'],['celana panjang'],['hoodie'],['sandal']
laki-laki,hujan,27,67,outdoor,bekerja,1,['kemeja'],['celana panjang'],['jaket'],['sepatu bot']
laki-laki,gerimis,10,63,indoor,berjalan,9,['kemeja'],['celana panjang'],['hoodie'],['sneakers']
laki-laki,hujan,37,85,indoor,berjalan,1,['kaos'],['celana pendek'],['jaket'],['sepatu bot']
perempuan,mendung,38,75,indoor,kondangan,16,['blouse'],['rok'],['tanpa pakaian luar'],['sepatu hak']
perempuan,gerimis,38,72,outdoor,berjalan,21,['kaos'],['celana pendek'],['tanpa pakaian luar'],['sneakers']
perempuan,cerah,16,65,outdoor,berjalan,6,['blouse'],['celana panjang'],['hoodie'],['sneakers']
laki-laki,hujan,37,99,outdoor,bekerja,23,['kemeja'],['celana pendek'],['jaket'],['sepatu bot']
laki-laki,cerah,17,76,indoor,bekerja,24,['kemeja'],['celana panjang'],['hoodie'],['sneakers']
laki-laki,hujan,11,97,indoor,kondangan,11,['jas'],['celana panjang'],['jaket'],['sepatu bot']
perempuan,mendung,35,64,indoor,bekerja,14,['kemeja'],['celana pendek'],['tanpa pakaian luar'],['sneakers']
laki-laki,mendung,22,86,outdoor,olahraga,5,['kaos'],['celana olahraga'],['tanpa pakaian luar'],['sneakers']
laki-laki,berawan,39,98,outdoor,santai,4,['kaos'],['celana pendek'],['tanpa pakaian luar'],['sandal']
laki-laki,mendung,35,99,outdoor,santai,3,['kaos'],['celana pendek'],['tanpa pakaian luar'],['sandal']
perempuan,gerimis,9,76,outdoor,kondangan,3,['blouse'],['rok'],['hoodie'],['sepatu hak']
laki-laki,gerimis,33,78,outdoor,olahraga,14,['kaos'],['celana olahraga'],['tanpa pakaian luar'],['sneakers']
laki-laki,gerimis,17,71,indoor,bekerja,16,['kemeja'],['celana panjang'],['hoodie'],['sneakers']
perempuan,cerah,27,72,indoor,olahraga,21,['kaos'],['legging'],['tanpa pakaian luar'],['sneakers']
laki-laki,berawan,40,62,outdoor,olahraga,14,['kaos'],['celana olahraga'],['tanpa pakaian luar'],['sneakers']
laki-laki,mendung,17,88,indoor,olahraga,17,['kaos'],['celana olahraga'],['hoodie'],['sneakers']
laki-laki,hujan,32,60,indoor,olahraga,19,['kaos'],['celana olahraga'],['jaket'],['sneakers']
perempuan,berawan,28,74,indoor,berjalan,16,['blouse'],['celana panjang'],['tanpa pakaian luar'],['sneakers']
perempuan,gerimis,25,88,indoor,olahraga,17,['kaos'],['legging'],['tanpa pakaian luar'],['sneakers']
perempuan,cerah,38,73,outdoor,berjalan,7,['kaos'],['rok'],['tanpa pakaian luar'],['sneakers']
laki-laki,mendung,8,85,outdoor,santai,4,['kemeja'],['celana panjang'],['hoodie'],['sandal']
perempuan,cerah,26,82,indoor,santai,2,['kaos'],['celana panjang'],['tanpa pakaian luar'],['sandal']
laki-laki,berawan,17,92,outdoor,berjalan,6,['kaos'],['celana panjang'],['hoodie'],['sneakers']
laki-laki,berawan,22,91,outdoor,berjalan,12,['kemeja'],['celana panjang'],['tanpa pakaian luar'],['sneakers']
laki-laki,cerah,10,100,outdoor,bekerja,6,['kemeja'],['celana panjang'],['hoodie'],['sneakers']
perempuan,hujan,8,77,outdoor,bekerja,1,['kemeja'],['celana panjang'],['jaket'],['sepatu bot']
laki-laki,berawan,29,97,outdoor,berjalan,24,['kaos'],['celana panjang'],['tanpa pakaian luar'],['sneakers']
laki-laki,hujan,30,67,outdoor,kondangan,7,['jas'],['celana panjang'],['jaket'],['sepatu bot']
perempuan,mendung,30,83,outdoor,bekerja,12,['kemeja'],['celana panjang'],['tanpa pakaian luar'],['sneakers']
perempuan,cerah,12,66,outdoor,berjalan,19,['kaos'],['celana panjang'],['hoodie'],['sneakers']
perempuan,hujan,23,87,outdoor,bekerja,12,['kemeja'],['celana panjang'],['jaket'],['sepatu bot']
laki-laki,berawan,30,75,indoor,bekerja,2,['kemeja'],['celana panjang'],['tanpa pakaian luar'],['sneakers']
perempuan,hujan,16,64,outdoor,santai,5,['kaos'],['celana panjang'],['jaket'],['sepatu bot']
laki-laki,gerimis,16,67,outdoor,berjalan,7,['kaos'],['celana panjang'],['hoodie'],['sneakers']
laki-laki,hujan,11,68,outdoor,kondangan,2,['jas'],['celana panjang'],['jaket'],['sepatu bot']
laki-laki,mendung,24,66,indoor,berjalan,23,['kaos'],['celana panjang'],['tanpa pakaian luar'],['sneakers']
laki-laki,cerah,36,64,outdoor,bekerja,5,['kemeja'],['celana pendek'],['tanpa pakaian luar'],['sneakers']
laki-laki,berawan,31,64,indoor,berjalan,20,['kemeja'],['celana panjang'],['tanpa pakaian luar'],['sneakers']
perempuan,berawan,26,94,indoor,bekerja,20,['kemeja'],['celana panjang'],['tanpa pakaian luar'],['sneakers']
laki-laki,mendung,26,73,outdoor,berjalan,22,['kaos'],['celana panjang'],['tanpa pakaian luar'],['sneakers']
perempuan,hujan,20,90,outdoor,bekerja,13,['kemeja'],['celana panjang'],['jaket'],['sepatu bot']
perempuan,gerimis,37,92,outdoor,berjalan,3,['kaos'],['rok'],['tanpa pakaian luar'],['sneakers']
perempuan,hujan,8,77,indoor,berjalan,16,['kemeja'],['celana panjang'],['jaket'],['sepatu bot']
perempuan,berawan,8,78,outdoor,santai,19,['kaos'],['celana panjang'],['hoodie'],['sandal']
laki-laki,cerah,19,89,indoor,berjalan,18,['kemeja'],['celana panjang'],['hoodie'],['sneakers']
laki-laki,mendung,40,86,outdoor,santai,7,['kaos'],['celana pendek'],['tanpa pakaian luar'],['sandal']
laki-laki,mendung,37,95,outdoor,bekerja,2,['kemeja'],['celana pendek'],['tanpa pakaian luar'],['sneakers']
laki-laki,gerimis,15,69,indoor,olahraga,6,['kaos'],['celana olahraga'],['hoodie'],['sneakers']
perempuan,hujan,34,81,outdoor,berjalan,18,['kaos'],['celana pendek'],['jaket'],['sepatu bot']
perempuan,hujan,22,64,outdoor,berjalan,15,['blouse'],['celana panjang'],['jaket'],['sepatu bot']
perempuan,gerimis,39,91,indoor,santai,5,['kaos'],['rok'],['tanpa pakaian luar'],['sandal']
perempuan,cerah,26,99,indoor,santai,15,['blouse'],['celana panjang'],['tanpa pakaian luar'],['sandal']
perempuan,hujan,14,77,indoor,santai,14,['blouse'],['celana panjang'],['jaket'],['sepatu bot']
laki-laki,hujan,18,85,indoor,olahraga,3,['kaos'],['celana olahraga'],['jaket'],['sneakers']
perempuan,berawan,24,63,outdoor,santai,12,['kemeja'],['celana panjang'],['tanpa pakaian luar'],['sandal']
perempuan,gerimis,22,99,indoor,kondangan,18,['blouse'],['rok'],['tanpa pakaian luar'],['sepatu hak']
perempuan,berawan,13,92,indoor,olahraga,9,['kaos'],['legging'],['hoodie'],['sneakers']
perempuan,mendung,35,79,indoor,santai,15,['kaos'],['celana pendek'],['tanpa pakaian luar'],['sandal']
perempuan,berawan,16,73,indoor,kondangan,7,['blouse'],['rok'],['hoodie'],['sepatu hak']
perempuan,cerah,32,75,outdoor,berjalan,2,['kemeja'],['celana panjang'],['tanpa pakaian luar'],['sneakers']
laki-laki,gerimis,8,88,indoor,kondangan,4,['jas'],['celana panjang'],['hoodie'],['sepatu pantofel']
perempuan,cerah,34,99,outdoor,santai,9,['kaos'],['rok'],['tanpa pakaian luar'],['sandal']
laki-laki,gerimis,39,64,outdoor,bekerja,8,['kemeja'],['celana pendek'],['tanpa pakaian luar'],['sneakers']
laki-laki,berawan,38,77,outdoor,olahraga,9,['kaos'],['celana olahraga'],['tanpa pakaian luar'],['sneakers']
perempuan,berawan,17,87,indoor,bekerja,14,['kemeja'],['celana panjang'],['hoodie'],['sneakers']
laki-laki,berawan,30,77,outdoor,bekerja,21,['kemeja'],['celana panjang'],['tanpa pakaian luar'],['sneakers']
laki-laki,gerimis,24,89,outdoor,santai,11,['kemeja'],['celana panjang'],['tanpa pakaian luar'],['sandal']
perempuan,mendung,24,89,outdoor,kondangan,15,['blouse'],['rok'],['tanpa pakaian luar'],['sepatu hak']
laki-laki,hujan,17,99,outdoor,kondangan,10,['jas'],['celana panjang'],['jaket'],['sepatu bot']
laki-laki,berawan,14,92,outdoor,kondangan,4,['jas'],['celana panjang'],['hoodie'],['sepatu pantofel']
laki-laki,mendung,40,61,outdoor,berjalan,10,['kaos'],['celana pendek'],['tanpa pakaian luar'],['sneakers']
laki-laki,berawan,33,84,outdoor,olahraga,16,['kaos'],['celana olahraga'],['tanpa pakaian luar'],['sneakers']
laki-laki,berawan,23,61,outdoor,olahraga,24,['kaos'],['celana olahraga'],['tanpa pakaian luar'],['sneakers']
perempuan,gerimis,28,72,outdoor,bekerja,12,['kemeja'],['celana panjang'],['tanpa pakaian luar'],['sneakers']
perempuan,gerimis,34,69,outdoor,kondangan,15,['blouse'],['rok'],['tanpa pakaian luar'],['sepatu hak']
perempuan,cerah,14,79,outdoor,olahraga,19,['kaos'],['legging'],['hoodie'],['sneakers']
perempuan,hujan,10,89,indoor,olahraga,21,['kaos'],['legging'],['jaket'],['sneakers']
perempuan,cerah,16,90,indoor,kondangan,6,['blouse'],['rok'],['hoodie'],['sepatu hak']
perempuan,cerah,10,68,indoor,olahraga,17,['kaos'],['legging'],['hoodie'],['sneakers']
perempuan,berawan,17,88,indoor,santai,12,['kemeja'],['celana panjang'],['hoodie'],['sandal']
laki-laki,gerimis,22,80,indoor,bekerja,4,['kemeja'],['celana panjang'],['tanpa pakaian luar'],['sneakers']
laki-laki,hujan,12,73,indoor,berjalan,19,['kemeja'],['celana panjang'],['jaket'],['sepatu bot']
perempuan,mendung,14,76,indoor,bekerja,21,['kemeja'],['celana panjang'],['hoodie'],['sneakers']
perempuan,berawan,16,73,indoor,santai,21,['kaos'],['celana panjang'],['hoodie'],['sandal']
perempuan,mendung,19,97,outdoor,berjalan,8,['kemeja'],['celana panjang'],['hoodie'],['sneakers']
perempuan,hujan,20,77,indoor,berjalan,7,['kaos'],['celana panjang'],['jaket'],['sepatu bot']
perempuan,mendung,23,84,outdoor,kondangan,12,['blouse'],['rok'],['tanpa pakaian luar'],['sepatu hak']
perempuan,cerah,11,75,outdoor,bekerja,19,['kemeja'],['celana panjang'],['hoodie'],['sneakers']
laki-laki,gerimis,14,83,indoor,olahraga,6,['kaos'],['celana olahraga'],['hoodie'],['sneakers']
laki-laki,gerimis,10,91,indoor,kondangan,21,['jas'],['celana panjang'],['hoodie'],['sepatu pantofel']
laki-laki,mendung,27,64,indoor,bekerja,15,['kemeja'],['celana panjang'],['tanpa pakaian luar'],['sneakers']
perempuan,berawan,12,85,indoor,bekerja,5,['kemeja'],['celana panjang'],['hoodie'],['sneakers']
perempuan,gerimis,28,72,outdoor,kondangan,18,['blouse'],['rok'],['tanpa pakaian luar'],['sepatu hak']
laki-laki,hujan,28,76,indoor,olahraga,8,['kaos'],['celana olahraga'],['jaket'],['sneakers']
laki-laki,mendung,23,76,indoor,olahraga,2,['kaos'],['celana olahraga'],['tanpa pakaian luar'],['sneakers']
laki-laki,mendung,32,83,outdoor,olahraga,4,['kaos'],['celana olahraga'],['tanpa pakaian luar'],['sneakers']
perempuan,hujan,25,95,indoor,santai,20,['blouse'],['celana panjang'],['jaket'],['sepatu bot']
perempuan,berawan,29,89,outdoor,santai,7,['kaos'],['celana panjang'],['tanpa pakaian luar'],['sandal']
perempuan,cerah,33,79,indoor,olahraga,16,['kaos'],['legging'],['tanpa pakaian luar'],['sneakers']
laki-laki,berawan,38,90,indoor,olahraga,5,['kaos'],['celana olahraga'],['tanpa pakaian luar'],['sneakers']
laki-laki,mendung,17,82,indoor,berjalan,18,['kemeja'],['celana panjang'],['hoodie'],['sneakers']
laki-laki,gerimis,33,72,indoor,kondangan,9,['jas'],['celana pendek'],['tanpa pakaian luar'],['sepatu pantofel']
perempuan,cerah,20,65,indoor,berjalan,10,['kemeja'],['celana panjang'],['tanpa pakaian luar'],['sneakers']
perempuan,hujan,38,91,outdoor,santai,3,['kaos'],['celana pendek'],['jaket'],['sepatu bot']
perempuan,gerimis,15,73,outdoor,berjalan,13,['kemeja'],['celana panjang'],['hoodie'],['sneakers']
perempuan,gerimis,18,90,outdoor,bekerja,2,['kemeja'],['celana panjang'],['hoodie'],['sneakers']
laki-laki,berawan,39,89,outdoor,santai,3,['kaos'],['celana pendek'],['tanpa pakaian luar'],['sandal']
laki-laki,hujan,21,92,outdoor,bekerja,11,['kemeja'],['celana panjang'],['jaket'],['sepatu bot']
perempuan,berawan,22,86,indoor,berjalan,13,['kaos'],['celana panjang'],['tanpa pakaian luar'],['sneakers']
perempuan,berawan,25,98,indoor,berjalan,9,['kemeja'],['celana panjang'],['tanpa pakaian luar'],['sneakers']
perempuan,berawan,25,76,indoor,santai,22,['kaos'],['celana panjang'],['tanpa pakaian luar'],['sandal']
perempuan,mendung,40,73,indoor,bekerja,24,['kemeja'],['rok'],['tanpa pakaian luar'],['sneakers']
laki-laki,hujan,26,75,outdoor,kondangan,8,['jas'],['celana panjang'],['jaket'],['sepatu bot']
perempuan,gerimis,39,67,indoor,olahraga,6,['kaos'],['legging'],['tanpa pakaian luar'],['sneakers']
laki-laki,cerah,11,93,outdoor,berjalan,12,['kemeja'],['celana panjang'],['hoodie'],['sneakers']
laki-laki,mendung,30,81,indoor,berjalan,19,['kemeja'],['celana panjang'],['tanpa pakaian luar'],['sneakers']
laki-laki,cerah,32,83,indoor,bekerja,7,['kemeja'],['celana panjang'],['tanpa pakaian luar'],['sneakers']
perempuan,mendung,22,76,outdoor,olahraga,8,['kaos'],['legging'],['tanpa pakaian luar'],['sneakers']
perempuan,berawan,35,86,outdoor,santai,17,['kaos'],['rok'],['tanpa pakaian luar'],['sandal']
laki-laki,mendung,22,95,outdoor,olahraga,5,['kaos'],['celana olahraga'],['tanpa pakaian luar'],['sneakers']
laki-laki,cerah,39,68,indoor,santai,4,['kaos'],['celana pendek'],['tanpa pakaian luar'],['sandal']
laki-laki,hujan,39,81,outdoor,kondangan,15,['jas'],['celana pendek'],['jaket'],['sepatu bot']
perempuan,berawan,22,73,outdoor,kondangan,6,['blouse'],['rok'],['tanpa pakaian luar'],['sepatu hak']
perempuan,gerimis,9,90,outdoor,berjalan,20,['blouse'],['celana panjang'],['hoodie'],['sneakers']
perempuan,berawan,33,67,indoor,bekerja,4,['kemeja'],['celana pendek'],['tanpa pakaian luar'],['sneakers']
laki-laki,mendung,11,99,indoor,bekerja,1,['kemeja'],['celana panjang'],['hoodie'],['sneakers']
laki-laki,hujan,11,76,outdoor,berjalan,7,['kaos'],['celana panjang'],['jaket'],['sepatu bot']
perempuan,mendung,12,95,indoor,berjalan,5,['kemeja'],['celana panjang'],['hoodie'],['sneakers']
laki-laki,hujan,19,60,outdoor,santai,2,['kemeja'],['celana panjang'],['jaket'],['sepatu bot']
perempuan,gerimis,33,91,indoor,kondangan,15,['blouse'],['rok'],['tanpa pakaian luar'],['sepatu hak']
laki-laki,gerimis,22,99,outdoor,olahraga,9,['kaos'],['celana olahraga'],['tanpa pakaian luar'],['sneakers']
perempuan,mendung,10,77,indoor,kondangan,9,['blouse'],['rok'],['hoodie'],['sepatu hak']
perempuan,hujan,29,94,outdoor,olahraga,16,['kaos'],['legging'],['jaket'],['sneakers']
perempuan,mendung,17,80,outdoor,berjalan,14,['kaos'],['celana panjang'],['hoodie'],['sneakers']
laki-laki,hujan,10,78,indoor,berjalan,13,['kemeja'],['celana panjang'],['jaket'],['sepatu bot']
perempuan,hujan,21,93,outdoor,santai,17,['kaos'],['celana panjang'],['jaket'],['sepatu bot']
laki-laki,gerimis,28,78,indoor,berjalan,20,['kemeja'],['celana panjang'],['tanpa pakaian luar'],['sneakers']
perempuan,berawan,24,96,outdoor,olahraga,9,['kaos'],['legging'],['tanpa pakaian luar'],['sneakers']
laki-laki,gerimis,20,94,indoor,bekerja,19,['kemeja'],['celana panjang'],['tanpa pakaian luar'],['sneakers']
perempuan,berawan,24,97,indoor,bekerja,4,['kemeja'],['celana panjang'],['tanpa pakaian luar'],['sneakers']
perempuan,mendung,22,95,indoor,santai,20,['blouse'],['celana panjang'],['tanpa pakaian luar'],['sandal']
perempuan,mendung,38,70,outdoor,berjalan,16,['kaos'],['rok'],['tanpa pakaian luar'],['sneakers']
perempuan,berawan,15,65,outdoor,olahraga,19,['kaos'],['legging'],['hoodie'],['sneakers']
laki-laki,hujan,12,96,outdoor,bekerja,23,['kemeja'],['celana panjang'],['jaket'],['sepatu bot']
perempuan,gerimis,40,73,outdoor,kondangan,9,['blouse'],['rok'],['tanpa pakaian luar'],['sepatu hak']
laki-laki,mendung,38,91,outdoor,berjalan,14,['kaos'],['celana pendek'],['tanpa pakaian luar'],['sneakers']
perempuan,hujan,12,61,indoor,berjalan,23,['kemeja'],['celana panjang'],['jaket'],['sepatu bot']
perempuan,mendung,21,91,indoor,bekerja,19,['kemeja'],['celana panjang'],['tanpa pakaian luar'],['sneakers']
laki-laki,hujan,12,98,indoor,bekerja,9,['kemeja'],['celana panjang'],['jaket'],['sepatu bot']
laki-laki,berawan,19,60,outdoor,olahraga,6,['kaos'],['celana olahraga'],['hoodie'],['sneakers']
laki-laki,hujan,14,69,indoor,santai,16,['kemeja'],['celana panjang'],['jaket'],['sepatu bot']
laki-laki,hujan,32,84,outdoor,olahraga,16,['kaos'],['celana olahraga'],['jaket'],['sneakers']
perempuan,berawan,35,75,outdoor,bekerja,17,['kemeja'],['rok'],['tanpa pakaian luar'],['sneakers']
perempuan,hujan,21,63,indoor,bekerja,6,['kemeja'],['celana panjang'],['jaket'],['sepatu bot']
laki-laki,hujan,13,71,outdoor,olahraga,15,['kaos'],['celana olahraga'],['jaket'],['sneakers']
laki-laki,cerah,39,80,outdoor,santai,11,['kaos'],['celana pendek'],['tanpa pakaian luar'],['sandal']
laki-laki,gerimis,24,62,outdoor,olahraga,1,['kaos'],['celana olahraga'],['tanpa pakaian luar'],['sneakers']
perempuan,gerimis,15,68,outdoor,olahraga,7,['kaos'],['legging'],['hoodie'],['sneakers']
laki-laki,gerimis,11,94,indoor,bekerja,14,['kemeja'],['celana panjang'],['hoodie'],['sneakers']
perempuan,mendung,40,92,indoor,santai,3,['kaos'],['rok'],['tanpa pakaian luar'],['sandal']
laki-laki,berawan,40,74,indoor,olahraga,16,['kaos'],['celana olahraga'],['tanpa pakaian luar'],['sneakers']
laki-laki,cerah,25,91,outdoor,olahraga,9,['kaos'],['celana olahraga'],['tanpa pakaian luar'],['sneakers']
laki-laki,hujan,21,79,outdoor,berjalan,23,['kemeja'],['celana panjang'],['jaket'],['sepatu bot']
laki-laki,hujan,35,96,indoor,santai,17,['kaos'],['celana pendek'],['jaket'],['sepatu bot']
laki-laki,cerah,36,68,outdoor,bekerja,17,['kemeja'],['celana pendek'],['tanpa pakaian luar'],['sneakers']
laki-laki,cerah,40,94,indoor,berjalan,23,['kaos'],['celana pendek'],['tanpa pakaian luar'],['sneakers']
laki-laki,berawan,27,84,outdoor,berjalan,4,['kemeja'],['celana panjang'],['tanpa pakaian luar'],['sneakers']
laki-laki,hujan,22,94,indoor,santai,19,['kaos'],['celana panjang'],['jaket'],['sepatu bot']
perempuan,hujan,20,62,indoor,kondangan,1,['blouse'],['rok'],['jaket'],['sepatu bot']
laki-laki,hujan,38,71,outdoor,santai,18,['kaos'],['celana pendek'],['jaket'],['sepatu bot']
perempuan,gerimis,18,61,outdoor,kondangan,14,['blouse'],['rok'],['hoodie'],['sepatu hak']
laki-laki,hujan,38,87,outdoor,olahraga,11,['kaos'],['celana olahraga'],['jaket'],['sneakers']
laki-laki,gerimis,13,65,outdoor,bekerja,6,['kemeja'],['celana panjang'],['hoodie'],['sneakers']
perempuan,berawan,22,68,indoor,olahraga,2,['kaos'],['legging'],['tanpa pakaian luar'],['sneakers']
laki-laki,cerah,15,79,outdoor,berjalan,22,['kaos'],['celana panjang'],['hoodie'],['sneakers']
laki-laki,cerah,36,90,outdoor,bekerja,13,['kemeja'],['celana pendek'],['tanpa pakaian luar'],['sneakers']
perempuan,berawan,28,98,outdoor,berjalan,20,['kaos'],['celana panjang'],['tanpa pakaian luar'],['sneakers']
perempuan,cerah,21,91,indoor,bekerja,16,['kemeja'],['celana panjang'],['tanpa pakaian luar'],['sneakers']
perempuan,cerah,16,78,indoor,bekerja,4,['kemeja'],['celana panjang'],['hoodie'],['sneakers']
laki-laki,gerimis,38,77,outdoor,bekerja,6,['kemeja'],['celana pendek'],['tanpa pakaian luar'],['sneakers']
perempuan,mendung,34,99,indoor,olahraga,24,['kaos'],['legging'],['tanpa pakaian luar'],['sneakers']
perempuan,gerimis,9,62,outdoor,kondangan,10,['blouse'],['rok'],['hoodie'],['sepatu hak']
laki-laki,gerimis,21,67,indoor,santai,3,['kemeja'],['celana panjang'],['tanpa pakaian luar'],['sandal']
laki-laki,gerimis,25,76,outdoor,berjalan,1,['kemeja'],['celana panjang'],['tanpa pakaian luar'],['sneakers']
perempuan,mendung,26,90,outdoor,berjalan,2,['blouse'],['celana panjang'],['tanpa pakaian luar'],['sneakers']
laki-laki,berawan,23,68,indoor,bekerja,15,['kemeja'],['celana panjang'],['tanpa pakaian luar'],['sneakers']
perempuan,gerimis,17,75,indoor,bekerja,18,['kemeja'],['celana panjang'],['hoodie'],['sneakers']
laki-laki,berawan,36,94,indoor,bekerja,4,['kemeja'],['celana pendek'],['tanpa pakaian luar'],['sneakers']
perempuan,mendung,22,88,indoor,olahraga,21,['kaos'],['legging'],['tanpa pakaian luar'],['sneakers']
perempuan,gerimis,14,68,outdoor,bekerja,21,['kemeja'],['celana panjang'],['hoodie'],['sneakers']
perempuan,cerah,17,82,indoor,bekerja,23,['kemeja'],['celana panjang'],['hoodie'],['sneakers']
laki-laki,hujan,29,91,outdoor,bekerja,5,['kemeja'],['celana panjang'],['jaket'],['sepatu bot']
perempuan,mendung,22,73,indoor,santai,24,['kemeja'],['celana panjang'],['tanpa pakaian luar'],['sandal']
perempuan,berawan,36,95,indoor,olahraga,11,['kaos'],['legging'],['tanpa pakaian luar'],['sneakers']
laki-laki,hujan,13,74,outdoor,olahraga,6,['kaos'],['celana olahraga'],['jaket'],['sneakers']
laki-laki,hujan,16,83,outdoor,santai,18,['kaos'],['celana panjang'],['jaket'],['sepatu bot']
perempuan,gerimis,31,67,outdoor,berjalan,21,['kaos'],['celana panjang'],['tanpa pakaian luar'],['sneakers']
laki-laki,gerimis,11,62,outdoor,olahraga,5,['kaos'],['celana olahraga'],['hoodie'],['sneakers']
laki-laki,hujan,23,87,outdoor,olahraga,12,['kaos'],['celana olahraga'],['jaket'],['sneakers']
perempuan,hujan,24,62,outdoor,kondangan,4,['blouse'],['rok'],['jaket'],['sepatu bot']
laki-laki,mendung,20,65,indoor,berjalan,2,['kaos'],['celana panjang'],['tanpa pakaian luar'],['sneakers']
perempuan,mendung,25,99,indoor,olahraga,14,['kaos'],['legging'],['tanpa pakaian luar'],['sneakers']
laki-laki,cerah,20,98,outdoor,bekerja,22,['kemeja'],['celana panjang'],['tanpa pakaian luar'],['sneakers']
laki-laki,gerimis,40,65,indoor,santai,20,['kaos'],['celana pendek'],['tanpa pakaian luar'],['sandal']
perempuan,mendung,32,65,indoor,santai,13,['kemeja'],['celana panjang'],['tanpa pakaian luar'],['sandal']
laki-laki,cerah,21,91,indoor,olahraga,5,['kaos'],['celana olahraga'],['tanpa pakaian luar'],['sneakers']
laki-laki,gerimis,20,83,outdoor,olahraga,8,['kaos'],['celana olahraga'],['tanpa pakaian luar'],['sneakers']
perempuan,cerah,15,98,indoor,olahraga,1,['kaos'],['legging'],['hoodie'],['sneakers']
perempuan,mendung,10,85,outdoor,santai,15,['blouse'],['celana panjang'],['hoodie'],['sandal']
laki-laki,gerimis,22,78,indoor,santai,16,['kaos'],['celana panjang'],['tanpa pakaian luar'],['sandal']
perempuan,berawan,14,77,outdoor,berjalan,3,['blouse'],['celana panjang'],['hoodie'],['sneakers']
laki-laki,hujan,39,61,indoor,bekerja,12,['kemeja'],['celana pendek'],['jaket'],['sepatu bot']
perempuan,berawan,8,93,indoor,berjalan,1,['blouse'],['celana panjang'],['hoodie'],['sneakers']
laki-laki,berawan,40,86,indoor,kondangan,11,['jas'],['celana pendek'],['tanpa pakaian luar'],['sepatu pantofel']
laki-laki,gerimis,23,63,outdoor,kondangan,19,['jas'],['celana panjang'],['tanpa pakaian luar'],['sepatu pantofel']
laki-laki,cerah,15,76,indoor,santai,3,['kemeja'],['celana panjang'],['hoodie'],['sandal']
laki-laki,berawan,26,68,indoor,santai,13,['kemeja'],['celana panjang'],['tanpa pakaian luar'],['sandal']
perempuan,gerimis,38,63,outdoor,bekerja,24,['kemeja'],['celana pendek'],['tanpa pakaian luar'],['sneakers']
laki-laki,hujan,13,85,indoor,kondangan,10,['jas'],['celana panjang'],['jaket'],['sepatu bot']
perempuan,mendung,32,71,indoor,berjalan,3,['blouse'],['celana panjang'],['tanpa pakaian luar'],['sneakers']
perempuan,berawan,38,92,outdoor,olahraga,7,['kaos'],['legging'],['tanpa pakaian luar'],['sneakers']
perempuan,mendung,8,62,indoor,berjalan,2,['blouse'],['celana panjang'],['hoodie'],['sneakers']
perempuan,hujan,10,74,indoor,santai,13,['kemeja'],['celana panjang'],['jaket'],['sepatu bot']
laki-laki,cerah,36,87,outdoor,kondangan,13,['jas'],['celana pendek'],['tanpa pakaian luar'],['sepatu pantofel']
laki-laki,mendung,32,64,indoor,olahraga,1,['kaos'],['celana olahraga'],['tanpa pakaian luar'],['sneakers']
perempuan,gerimis,17,66,indoor,bekerja,20,['kemeja'],['celana panjang'],['hoodie'],['sneakers']
laki-laki,mendung,10,73,indoor,berjalan,21,['kemeja'],['celana panjang'],['hoodie'],['sneakers']
laki-laki,gerimis,32,80,outdoor,bekerja,17,['kemeja'],['celana panjang'],['tanpa pakaian luar'],['sneakers']
laki-laki,berawan,29,78,outdoor,berjalan,6,['kemeja'],['celana panjang'],['tanpa pakaian luar'],['sneakers']
laki-laki,hujan,15,79,outdoor,berjalan,22,['kemeja'],['celana panjang'],['jaket'],['sepatu bot']
perempuan,berawan,27,96,indoor,kondangan,23,['blouse'],['rok'],['tanpa pakaian luar'],['sepatu hak']
perempuan,berawan,32,81,indoor,bekerja,23,['kemeja'],['celana panjang'],['tanpa pakaian luar'],['sneakers']
perempuan,cerah,26,100,outdoor,bekerja,11,['kemeja'],['celana panjang'],['tanpa pakaian luar'],['sneakers']
laki-laki,berawan,15,65,indoor,bekerja,4,['kemeja'],['celana panjang'],['hoodie'],['sneakers']
perempuan,berawan,16,77,outdoor,kondangan,9,['blouse'],['rok'],['hoodie'],['sepatu hak']
laki-laki,hujan,32,77,indoor,bekerja,18,['kemeja'],['celana panjang'],['jaket'],['sepatu bot']
perempuan,mendung,17,82,outdoor,olahraga,8,['kaos'],['legging'],['hoodie'],['sneakers']
perempuan,hujan,26,95,outdoor,kondangan,18,['blouse'],['rok'],['jaket'],['sepatu bot']
perempuan,gerimis,21,90,outdoor,olahraga,24,['kaos'],['legging'],['tanpa pakaian luar'],['sneakers']
laki-laki,cerah,30,95,indoor,kondangan,10,['jas'],['celana panjang'],['tanpa pakaian luar'],['sepatu pantofel']
perempuan,gerimis,10,74,outdoor,kondangan,4,['blouse'],['rok'],['hoodie'],['sepatu hak']
laki-laki,hujan,21,93,outdoor,santai,10,['kaos'],['celana panjang'],['jaket'],['sepatu bot']
perempuan,mendung,35,68,outdoor,berjalan,3,['kaos'],['celana pendek'],['tanpa pakaian luar'],['sneakers']
perempuan,mendung,10,62,indoor,santai,9,['kaos'],['celana panjang'],['hoodie'],['sandal']
laki-laki,cerah,20,85,indoor,berjalan,2,['kemeja'],['celana panjang'],['tanpa pakaian luar'],['sneakers']
perempuan,berawan,17,64,outdoor,kondangan,20,['blouse'],['rok'],['hoodie'],['sepatu hak']
laki-laki,berawan,39,83,outdoor,kondangan,19,['jas'],['celana pendek'],['tanpa pakaian luar'],['sepatu pantofel']
laki-laki,gerimis,13,63,outdoor,santai,18,['kemeja'],['celana panjang'],['hoodie'],['sandal']
perempuan,gerimis,38,85,outdoor,santai,18,['kaos'],['celana pendek'],['tanpa pakaian luar'],['sandal']
laki-laki,gerimis,8,99,indoor,berjalan,19,['kaos'],['celana panjang'],['hoodie'],['sneakers']
perempuan,cerah,17,73,indoor,bekerja,5,['kemeja'],['celana panjang'],['hoodie'],['sneakers']
laki-laki,berawan,24,72,outdoor,olahraga,21,['kaos'],['celana olahraga'],['tanpa pakaian luar'],['sneakers']
perempuan,berawan,9,97,outdoor,berjalan,16,['kaos'],['celana panjang'],['hoodie'],['sneakers']
perempuan,cerah,9,77,outdoor,santai,18,['kemeja'],['celana panjang'],['hoodie'],['sandal']
perempuan,mendung,37,100,indoor,berjalan,18,['kaos'],['celana pendek'],['tanpa pakaian luar'],['sneakers']
perempuan,berawan,23,79,outdoor,olahraga,1,['kaos'],['legging'],['tanpa pakaian luar'],['sneakers']
laki-laki,berawan,8,99,indoor,santai,6,['kemeja'],['celana panjang'],['hoodie'],['sandal']
laki-laki,cerah,30,91,indoor,berjalan,11,['kaos'],['celana panjang'],['tanpa pakaian luar'],['sneakers']
laki-laki,mendung,12,87,outdoor,berjalan,11,['kaos'],['celana panjang'],['hoodie'],['sneakers']
laki-laki,mendung,22,92,outdoor,santai,12,['kaos'],['celana panjang'],['tanpa pakaian luar'],['sandal']
laki-laki,cerah,14,94,outdoor,olahraga,8,['kaos'],['celana olahraga'],['hoodie'],['sneakers']
laki-laki,mendung,38,62,outdoor,santai,10,['kaos'],['celana pendek'],['tanpa pakaian luar'],['sandal']
laki-laki,mendung,38,80,outdoor,berjalan,3,['kaos'],['celana pendek'],['tanpa pakaian luar'],['sneakers']
laki-laki,berawan,8,87,outdoor,bekerja,17,['kemeja'],['celana panjang'],['hoodie'],['sneakers']
perempuan,gerimis,15,91,indoor,santai,11,['blouse'],['celana panjang'],['hoodie'],['sandal']
laki-laki,gerimis,22,74,indoor,olahraga,1,['kaos'],['celana olahraga'],['tanpa pakaian luar'],['sneakers']
perempuan,gerimis,35,78,outdoor,olahraga,13,['kaos'],['legging'],['tanpa pakaian luar'],['sneakers']
laki-laki,gerimis,34,64,outdoor,santai,14,['kaos'],['celana pendek'],['tanpa pakaian luar'],['sandal']
laki-laki,berawan,39,76,outdoor,olahraga,10,['kaos'],['celana olahraga'],['tanpa pakaian luar'],['sneakers']
perempuan,gerimis,37,84,outdoor,olahraga,16,['kaos'],['legging'],['tanpa pakaian luar'],['sneakers']
laki-laki,mendung,34,84,indoor,olahraga,19,['kaos'],['celana olahraga'],['tanpa pakaian luar'],['sneakers']
laki-laki,berawan,18,79,indoor,berjalan,3,['kaos'],['celana panjang'],['hoodie'],['sneakers']
laki-laki,gerimis,39,60,outdoor,berjalan,14,['kaos'],['celana pendek'],['tanpa pakaian luar'],['sneakers']
perempuan,gerimis,30,79,outdoor,santai,19,['kemeja'],['celana panjang'],['tanpa pakaian luar'],['sandal']
perempuan,berawan,37,67,outdoor,olahraga,23,['kaos'],['legging'],['tanpa pakaian luar'],['sneakers']
perempuan,mendung,19,71,indoor,olahraga,5,['kaos'],['legging'],['hoodie'],['sneakers']
laki-laki,cerah,24,83,indoor,bekerja,23,['kemeja'],['celana panjang'],['tanpa pakaian luar'],['sneakers']
perempuan,hujan,17,94,indoor,bekerja,15,['kemeja'],['celana panjang'],['jaket'],['sepatu bot']
laki-laki,gerimis,16,64,indoor,berjalan,15,['kemeja'],['celana panjang'],['hoodie'],['sneakers']
laki-laki,hujan,15,96,indoor,bekerja,15,['kemeja'],['celana panjang'],['jaket'],['sepatu bot']
perempuan,hujan,18,66,outdoor,santai,17,['kaos'],['celana panjang'],['jaket'],['sepatu bot']
laki-laki,berawan,14,84,indoor,bekerja,19,['kemeja'],['celana panjang'],['hoodie'],['sneakers']
perempuan,mendung,34,65,indoor,berjalan,12,['kaos'],['rok'],['tanpa pakaian luar'],['sneakers']
laki-laki,cerah,15,67,indoor,olahraga,21,['kaos'],['celana olahraga'],['hoodie'],['sneakers']
perempuan,mendung,24,93,indoor,santai,9,['kaos'],['celana panjang'],['tanpa pakaian luar'],['sandal']
laki-laki,hujan,30,88,indoor,kondangan,21,['jas'],['celana panjang'],['jaket'],['sepatu bot']
perempuan,gerimis,32,96,outdoor,olahraga,9,['kaos'],['legging'],['tanpa pakaian luar'],['sneakers']
perempuan,hujan,16,60,outdoor,berjalan,18,['blouse'],['celana panjang'],['jaket'],['sepatu bot']
perempuan,berawan,32,92,outdoor,santai,6,['blouse'],['celana panjang'],['tanpa pakaian luar'],['sandal']
perempuan,gerimis,18,99,outdoor,kondangan,8,['blouse'],['rok'],['hoodie'],['sepatu hak']
perempuan,berawan,33,89,outdoor,berjalan,2,['kaos'],['celana pendek'],['tanpa pakaian luar'],['sneakers']
laki-laki,gerimis,32,98,indoor,santai,18,['kemeja'],['celana panjang'],['tanpa pakaian luar'],['sandal']
perempuan,cerah,27,93,indoor,kondangan,17,['blouse'],['rok'],['tanpa pakaian luar'],['sepatu hak']
perempuan,gerimis,32,60,indoor,berjalan,15,['kaos'],['celana panjang'],['tanpa pakaian luar'],['sneakers']
laki-laki,mendung,30,99,outdoor,bekerja,14,['kemeja'],['celana panjang'],['tanpa pakaian luar'],['sneakers']
perempuan,berawan,20,70,outdoor,bekerja,13,['kemeja'],['celana panjang'],['tanpa pakaian luar'],['sneakers']
laki-laki,hujan,27,80,outdoor,olahraga,7,['kaos'],['celana olahraga'],['jaket'],['sneakers']
laki-laki,cerah,31,72,indoor,santai,15,['kemeja'],['celana panjang'],['tanpa pakaian luar'],['sandal']
perempuan,cerah,34,79,indoor,santai,19,['kaos'],['celana pendek'],['tanpa pakaian luar'],['sandal']
laki-laki,gerimis,14,77,indoor,olahraga,23,['kaos'],['celana olahraga'],['hoodie'],['sneakers']
perempuan,mendung,29,99,indoor,berjalan,19,['blouse'],['celana panjang'],['tanpa pakaian luar'],['sneakers']
laki-laki,hujan,33,78,indoor,berjalan,24,['kaos'],['celana pendek'],['jaket'],['sepatu bot']
laki-laki,gerimis,34,82,outdoor,olahraga,13,['kaos'],['celana olahraga'],['tanpa pakaian luar'],['sneakers']
perempuan,berawan,10,64,indoor,berjalan,16,['kaos'],['celana panjang'],['hoodie'],['sneakers']
laki-laki,cerah,39,74,outdoor,bekerja,14,['kemeja'],['celana pendek'],['tanpa pakaian luar'],['sneakers']
perempuan,hujan,15,98,outdoor,olahraga,11,['kaos'],['legging'],['jaket'],['sneakers']
perempuan,hujan,35,68,outdoor,olahraga,1,['kaos'],['legging'],['jaket'],['sneakers']
perempuan,hujan,10,65,outdoor,berjalan,17,['kaos'],['celana panjang'],['jaket'],['sepatu bot']
perempuan,mendung,29,78,indoor,santai,6,['kemeja'],['celana panjang'],['tanpa pakaian luar'],['sandal']
laki-laki,mendung,34,78,indoor,santai,22,['kaos'],['celana pendek'],['tanpa pakaian luar'],['sandal']
laki-laki,gerimis,32,67,outdoor,bekerja,20,['kemeja'],['celana panjang'],['tanpa pakaian luar'],['sneakers']
perempuan,gerimis,39,88,indoor,kondangan,2,['blouse'],['rok'],['tanpa pakaian luar'],['sepatu hak']
perempuan,hujan,21,93,outdoor,berjalan,11,['kemeja'],['celana panjang'],['jaket'],['sepatu bot']
laki-laki,cerah,32,65,outdoor,bekerja,11,['kemeja'],['celana panjang'],['tanpa pakaian luar'],['sneakers']
perempuan,mendung,30,60,indoor,berjalan,13,['kemeja'],['celana panjang'],['tanpa pakaian luar'],['sneakers']
laki-laki,cerah,29,79,indoor,olahraga,16,['kaos'],['celana olahraga'],['tanpa pakaian luar'],['sneakers']
perempuan,berawan,14,97,outdoor,kondangan,14,['blouse'],['rok'],['hoodie'],['sepatu hak']
laki-laki,berawan,17,69,indoor,kondangan,3,['jas'],['celana panjang'],['hoodie'],['sepatu pantofel']
laki-laki,hujan,13,91,indoor,olahraga,16,['kaos'],['celana olahraga'],['jaket'],['sneakers']
laki-laki,hujan,16,96,indoor,berjalan,18,['kemeja'],['celana panjang'],['jaket'],['sepatu bot']
laki-laki,gerimis,14,79,indoor,berjalan,12,['kemeja'],['celana panjang'],['hoodie'],['sneakers']
perempuan,mendung,22,76,outdoor,berjalan,8,['kemeja'],['celana panjang'],['tanpa pakaian luar'],['sneakers']
perempuan,gerimis,29,60,indoor,bekerja,14,['kemeja'],['celana panjang'],['tanpa pakaian luar'],['sneakers']
laki-laki,berawan,9,89,outdoor,berjalan,16,['kemeja'],['celana panjang'],['hoodie'],['sneakers']
laki-laki,cerah,31,61,outdoor,santai,1,['kemeja'],['celana panjang'],['tanpa pakaian luar'],['sandal']
laki-laki,gerimis,23,94,outdoor,berjalan,23,['kaos'],['celana panjang'],['tanpa pakaian luar'],['sneakers']
perempuan,gerimis,19,79,indoor,berjalan,7,['kaos'],['celana panjang'],['hoodie'],['sneakers']
laki-laki,hujan,30,100,indoor,santai,12,['kaos'],['celana panjang'],['jaket'],['sepatu bot']
perempuan,mendung,23,96,indoor,kondangan,11,['blouse'],['rok'],['tanpa pakaian luar'],['sepatu hak']
laki-laki,mendung,17,72,outdoor,olahraga,19,['kaos'],['celana olahraga'],['hoodie'],['sneakers']
laki-laki,mendung,17,93,indoor,kondangan,16,['jas'],['celana panjang'],['hoodie'],['sepatu pantofel']
perempuan,cerah,22,60,outdoor,berjalan,12,['kemeja'],['celana panjang'],['tanpa pakaian luar'],['sneakers']
perempuan,cerah,9,93,indoor,kondangan,9,['blouse'],['rok'],['hoodie'],['sepatu hak']
perempuan,berawan,12,69,indoor,bekerja,12,['kemeja'],['celana panjang'],['hoodie'],['sneakers']
laki-laki,hujan,31,92,indoor,bekerja,17,['kemeja'],['celana panjang'],['jaket'],['sepatu bot']
perempuan,berawan,27,75,outdoor,olahraga,21,['kaos'],['legging'],['tanpa pakaian luar'],['sneakers']
laki-laki,mendung,24,91,indoor,bekerja,1,['kemeja'],['celana panjang'],['tanpa pakaian luar'],['sneakers']
perempuan,berawan,38,100,outdoor,olahraga,14,['kaos'],['legging'],['tanpa pakaian luar'],['sneakers']
laki-laki,gerimis,24,67,indoor,kondangan,23,['jas'],['celana panjang'],['tanpa pakaian luar'],['sepatu pantofel']
perempuan,mendung,31,76,outdoor,berjalan,2,['kemeja'],['celana panjang'],['tanpa pakaian luar'],['sneakers']
laki-laki,mendung,40,60,outdoor,olahraga,2,['kaos'],['celana olahraga'],['tanpa pakaian luar'],['sneakers']
laki-laki,berawan,12,89,outdoor,kondangan,24,['jas'],['celana panjang'],['hoodie'],['sepatu pantofel']
laki-laki,hujan,22,98,indoor,olahraga,24,['kaos'],['celana olahraga'],['jaket'],['sneakers']
laki-laki,hujan,29,93,outdoor,berjalan,9,['kaos'],['celana panjang'],['jaket'],['sepatu bot']
perempuan,mendung,28,90,outdoor,santai,3,['kaos'],['celana panjang'],['tanpa pakaian luar'],['sandal']
perempuan,mendung,13,99,indoor,santai,11,['blouse'],['celana panjang'],['hoodie'],['sandal']
perempuan,gerimis,36,81,outdoor,santai,21,['kaos'],['rok'],['tanpa pakaian luar'],['sandal']
laki-laki,hujan,35,70,outdoor,bekerja,8,['kemeja'],['celana pendek'],['jaket'],['sepatu bot']
laki-laki,mendung,28,80,indoor,olahraga,17,['kaos'],['celana olahraga'],['tanpa pakaian luar'],['sneakers']
perempuan,cerah,39,80,indoor,berjalan,1,['kaos'],['celana pendek'],['tanpa pakaian luar'],['sneakers']
perempuan,berawan,14,95,outdoor,olahraga,17,['kaos'],['legging'],['hoodie'],['sneakers']
laki-laki,cerah,40,67,outdoor,olahraga,12,['kaos'],['celana olahraga'],['tanpa pakaian luar'],['sneakers']
perempuan,hujan,12,80,outdoor,santai,16,['blouse'],['celana panjang'],['jaket'],['sepatu bot']
laki-laki,gerimis,27,71,outdoor,santai,23,['kemeja'],['celana panjang'],['tanpa pakaian luar'],['sandal']
perempuan,cerah,8,80,outdoor,kondangan,18,['blouse'],['rok'],['hoodie'],['sepatu hak']
perempuan,berawan,19,71,indoor,bekerja,12,['kemeja'],['celana panjang'],['hoodie'],['sneakers']
laki-laki,berawan,31,93,outdoor,santai,14,['kaos'],['celana panjang'],['tanpa pakaian luar'],['sandal']
perempuan,mendung,15,73,indoor,santai,2,['blouse'],['celana panjang'],['hoodie'],['sandal']
perempuan,berawan,21,88,outdoor,bekerja,15,['kemeja'],['celana panjang'],['tanpa pakaian luar'],['sneakers']
laki-laki,gerimis,24,100,outdoor,santai,19,['kaos'],['celana panjang'],['tanpa pakaian luar'],['sandal']
perempuan,gerimis,28,67,outdoor,kondangan,10,['blouse'],['rok'],['tanpa pakaian luar'],['sepatu hak']
laki-laki,mendung,21,74,outdoor,santai,14,['kaos'],['celana panjang'],['tanpa pakaian luar'],['sandal']
laki-laki,berawan,25,100,indoor,kondangan,21,['jas'],['celana panjang'],['tanpa pakaian luar'],['sepatu pantofel']
perempuan,hujan,20,71,indoor,santai,24,['blouse'],['celana panjang'],['jaket'],['sepatu bot']
perempuan,berawan,35,62,indoor,berjalan,20,['kaos'],['rok'],['tanpa pakaian luar'],['sneakers']
perempuan,cerah,11,62,outdoor,santai,6,['kemeja'],['celana panjang'],['hoodie'],['sandal']
perempuan,gerimis,15,78,indoor,kondangan,24,['blouse'],['rok'],['hoodie'],['sepatu hak']
laki-laki,gerimis,17,96,outdoor,bekerja,15,['kemeja'],['celana panjang'],['hoodie'],['sneakers']
perempuan,berawan,23,92,indoor,berjalan,15,['kaos'],['celana panjang'],['tanpa pakaian luar'],['sneakers']
laki-laki,cerah,15,68,indoor,olahraga,1,['kaos'],['celana olahraga'],['hoodie'],['sneakers']
laki-laki,mendung,30,69,indoor,bekerja,15,['kemeja'],['celana panjang'],['tanpa pakaian luar'],['sneakers']
laki-laki,cerah,25,80,outdoor,berjalan,13,['kaos'],['celana panjang'],['tanpa pakaian luar'],['sneakers']
laki-laki,gerimis,31,94,indoor,kondangan,1,['jas'],['celana panjang'],['tanpa pakaian luar'],['sepatu pantofel']
perempuan,berawan,16,86,outdoor,berjalan,12,['blouse'],['celana panjang'],['hoodie'],['sneakers']
laki-laki,berawan,13,77,indoor,bekerja,6,['kemeja'],['celana panjang'],['hoodie'],['sneakers']
laki-laki,mendung,12,78,outdoor,olahraga,10,['kaos'],['celana olahraga'],['hoodie'],['sneakers']
perempuan,hujan,30,68,outdoor,bekerja,18,['kemeja'],['celana panjang'],['jaket'],['sepatu bot']
laki-laki,cerah,16,81,indoor,bekerja,7,['kemeja'],['celana panjang'],['hoodie'],['sneakers']
laki-laki,mendung,22,93,outdoor,kondangan,9,['jas'],['celana panjang'],['tanpa pakaian luar'],['sepatu pantofel']
laki-laki,mendung,9,84,indoor,santai,21,['kaos'],['celana panjang'],['hoodie'],['sandal']
laki-laki,cerah,38,70,indoor,olahraga,11,['kaos'],['celana olahraga'],['tanpa pakaian luar'],['sneakers']
perempuan,cerah,16,67,outdoor,santai,10,['kemeja'],['celana panjang'],['hoodie'],['sandal']
perempuan,berawan,13,68,indoor,berjalan,24,['blouse'],['celana panjang'],['hoodie'],['sneakers']
laki-laki,mendung,14,90,outdoor,bekerja,23,['kemeja'],['celana panjang'],['hoodie'],['sneakers']
laki-laki,mendung,32,73,outdoor,berjalan,7,['kaos'],['celana panjang'],['tanpa pakaian luar'],['sneakers']
laki-laki,berawan,40,71,indoor,kondangan,24,['jas'],['celana pendek'],['tanpa pakaian luar'],['sepatu pantofel']
laki-laki,hujan,31,61,indoor,berjalan,4,['kemeja'],['celana panjang'],['jaket'],['sepatu bot']
perempuan,berawan,28,62,indoor,kondangan,13,['blouse'],['rok'],['tanpa pakaian luar'],['sepatu hak']
laki-laki,cerah,10,93,outdoor,olahraga,5,['kaos'],['celana olahraga'],['hoodie'],['sneakers']
laki-laki,cerah,39,96,outdoor,bekerja,17,['kemeja'],['celana pendek'],['tanpa pakaian luar'],['sneakers']
perempuan,hujan,35,82,indoor,berjalan,20,['kaos'],['rok'],['jaket'],['sepatu bot']
laki-laki,gerimis,38,99,indoor,olahraga,15,['kaos'],['celana olahraga'],['tanpa pakaian luar'],['sneakers']
perempuan,cerah,8,73,indoor,olahraga,6,['kaos'],['legging'],['hoodie'],['sneakers']
perempuan,cerah,29,85,indoor,olahraga,10,['kaos'],['legging'],['tanpa pakaian luar'],['sneakers']
laki-laki,berawan,27,72,outdoor,kondangan,6,['jas'],['celana panjang'],['tanpa pakaian luar'],['sepatu pantofel']
laki-laki,mendung,15,85,indoor,bekerja,6,['kemeja'],['celana panjang'],['hoodie'],['sneakers']
laki-laki,cerah,19,79,outdoor,berjalan,14,['kemeja'],['celana panjang'],['hoodie'],['sneakers']
laki-laki,hujan,18,66,outdoor,berjalan,22,['kemeja'],['celana panjang'],['jaket'],['sepatu bot']
perempuan,gerimis,26,84,indoor,olahraga,21,['kaos'],['legging'],['tanpa pakaian luar'],['sneakers']
laki-laki,cerah,14,61,outdoor,kondangan,10,['jas'],['celana panjang'],['hoodie'],['sepatu pantofel']
laki-laki,berawan,21,62,indoor,santai,13,['kaos'],['celana panjang'],['tanpa pakaian luar'],['sandal']
laki-laki,gerimis,23,65,indoor,bekerja,18,['kemeja'],['celana panjang'],['tanpa pakaian luar'],['sneakers']
laki-laki,berawan,9,83,outdoor,santai,4,['kaos'],['celana panjang'],['hoodie'],['sandal']
laki-laki,berawan,25,81,outdoor,olahraga,5,['kaos'],['celana olahraga'],['tanpa pakaian luar'],['sneakers']
perempuan,hujan,26,82,indoor,kondangan,1,['blouse'],['rok'],['jaket'],['sepatu bot']
laki-laki,cerah,37,65,indoor,bekerja,14,['kemeja'],['celana pendek'],['tanpa pakaian luar'],['sneakers']
laki-laki,cerah,29,61,outdoor,olahraga,5,['kaos'],['celana olahraga'],['tanpa pakaian luar'],['sneakers']
perempuan,berawan,14,77,outdoor,santai,5,['blouse'],['celana panjang'],['hoodie'],['sandal']
perempuan,cerah,8,62,indoor,kondangan,16,['blouse'],['rok'],['hoodie'],['sepatu hak']
laki-laki,gerimis,14,74,indoor,santai,2,['kaos'],['celana panjang'],['hoodie'],['sandal']
perempuan,hujan,24,95,indoor,berjalan,23,['blouse'],['celana panjang'],['jaket'],['sepatu bot']
laki-laki,gerimis,8,66,indoor,berjalan,6,['kemeja'],['celana panjang'],['hoodie'],['sneakers']
laki-laki,gerimis,34,74,outdoor,olahraga,13,['kaos'],['celana olahraga'],['tanpa pakaian luar'],['sneakers']
laki-laki,gerimis,23,81,indoor,olahraga,10,['kaos'],['celana olahraga'],['tanpa pakaian luar'],['sneakers']
laki-laki,gerimis,22,93,indoor,kondangan,7,['jas'],['celana panjang'],['tanpa pakaian luar'],['sepatu pantofel']
perempuan,hujan,15,79,outdoor,santai,5,['blouse'],['celana panjang'],['jaket'],['sepatu bot']
perempuan,cerah,25,91,outdoor,berjalan,1,['blouse'],['celana panjang'],['tanpa pakaian luar'],['sneakers']
laki-laki,hujan,22,74,indoor,berjalan,23,['kaos'],['celana panjang'],['jaket'],['sepatu bot']
laki-laki,gerimis,26,96,indoor,kondangan,13,['jas'],['celana panjang'],['tanpa pakaian luar'],['sepatu pantofel']
laki-laki,berawan,34,100,outdoor,olahraga,17,['kaos'],['celana olahraga'],['tanpa pakaian luar'],['sneakers']
laki-laki,mendung,29,96,outdoor,kondangan,24,['jas'],['celana panjang'],['tanpa pakaian luar'],['sepatu pantofel']
laki-laki,berawan,29,63,indoor,bekerja,23,['kemeja'],['celana panjang'],['tanpa pakaian luar'],['sneakers']
perempuan,gerimis,31,86,outdoor,kondangan,4,['blouse'],['rok'],['tanpa pakaian luar'],['sepatu hak']
perempuan,hujan,27,76,indoor,berjalan,12,['kaos'],['celana panjang'],['jaket'],['sepatu bot']
perempuan,gerimis,22,78,outdoor,santai,23,['kaos'],['celana panjang'],['tanpa pakaian luar'],['sandal']
perempuan,hujan,29,98,indoor,berjalan,7,['blouse'],['celana panjang'],['jaket'],['sepatu bot']
perempuan,gerimis,30,68,indoor,kondangan,6,['blouse'],['rok'],['tanpa pakaian luar'],['sepatu hak']
laki-laki,mendung,25,90,outdoor,berjalan,2,['kemeja'],['celana panjang'],['tanpa pakaian luar'],['sneakers']
perempuan,gerimis,26,73,outdoor,santai,20,['kemeja'],['celana panjang'],['tanpa pakaian luar'],['sandal']
perempuan,berawan,22,78,outdoor,olahraga,23,['kaos'],['legging'],['tanpa pakaian luar'],['sneakers']
perempuan,berawan,24,83,outdoor,santai,14,['kaos'],['celana panjang'],['tanpa pakaian luar'],['sandal']
laki-laki,mendung,33,97,indoor,santai,13,['kaos'],['celana pendek'],['tanpa pakaian luar'],['sandal']
perempuan,berawan,12,61,outdoor,santai,19,['kemeja'],['celana panjang'],['hoodie'],['sandal']
laki-laki,gerimis,29,97,outdoor,bekerja,3,['kemeja'],['celana panjang'],['tanpa pakaian luar'],['sneakers']
perempuan,mendung,32,89,indoor,bekerja,3,['kemeja'],['celana panjang'],['tanpa pakaian luar'],['sneakers']
laki-laki,hujan,11,66,outdoor,santai,24,['kemeja'],['celana panjang'],['jaket'],['sepatu bot']
laki-laki,mendung,24,77,indoor,kondangan,14,['jas'],['celana panjang'],['tanpa pakaian luar'],['sepatu pantofel']
perempuan,berawan,13,67,outdoor,olahraga,15,['kaos'],['legging'],['hoodie'],['sneakers']
perempuan,mendung,16,89,indoor,berjalan,3,['blouse'],['celana panjang'],['hoodie'],['sneakers']
perempuan,mendung,34,97,outdoor,bekerja,2,['kemeja'],['celana pendek'],['tanpa pakaian luar'],['sneakers']
laki-laki,hujan,32,66,indoor,bekerja,23,['kemeja'],['celana panjang'],['jaket'],['sepatu bot']
perempuan,berawan,40,95,outdoor,berjalan,17,['kaos'],['rok'],['tanpa pakaian luar'],['sneakers']
perempuan,gerimis,11,88,indoor,bekerja,9,['kemeja'],['celana panjang'],['hoodie'],['sneakers']
perempuan,gerimis,14,96,indoor,bekerja,23,['kemeja'],['celana panjang'],['hoodie'],['sneakers']
laki-laki,mendung,36,95,indoor,berjalan,8,['kaos'],['celana pendek'],['tanpa pakaian luar'],['sneakers']
laki-laki,hujan,27,95,outdoor,bekerja,18,['kemeja'],['celana panjang'],['jaket'],['sepatu bot']
perempuan,mendung,27,65,indoor,kondangan,18,['blouse'],['rok'],['tanpa pakaian luar'],['sepatu hak']
laki-laki,hujan,11,78,indoor,olahraga,15,['kaos'],['celana olahraga'],['jaket'],['sneakers']
perempuan,mendung,23,65,outdoor,santai,18,['kaos'],['celana panjang'],['tanpa pakaian luar'],['sandal']
laki-laki,gerimis,27,91,indoor,santai,15,['kaos'],['celana panjang'],['tanpa pakaian luar'],['sandal']
perempuan,berawan,35,64,indoor,santai,13,['kaos'],['celana pendek'],['tanpa pakaian luar'],['sandal']
laki-laki,cerah,38,79,outdoor,santai,7,['kaos'],['celana pendek'],['tanpa pakaian luar'],['sandal']
perempuan,cerah,30,96,indoor,kondangan,17,['blouse'],['rok'],['tanpa pakaian luar'],['sepatu hak']
laki-laki,hujan,35,94,indoor,kondangan,15,['jas'],['celana pendek'],['jaket'],['sepatu bot']
perempuan,gerimis,31,81,indoor,berjalan,21,['kaos'],['celana panjang'],['tanpa pakaian luar'],['sneakers']
laki-laki,gerimis,18,81,outdoor,olahraga,11,['kaos'],['celana olahraga'],['hoodie'],['sneakers']
laki-laki,mendung,18,84,indoor,kondangan,22,['jas'],['celana panjang'],['hoodie'],['sepatu pantofel']
laki-laki,hujan,14,99,indoor,santai,14,['kemeja'],['celana panjang'],['jaket'],['sepatu bot']
perempuan,mendung,27,83,outdoor,bekerja,16,['kemeja'],['celana panjang'],['tanpa pakaian luar'],['sneakers']
perempuan,hujan,16,100,outdoor,olahraga,3,['kaos'],['legging'],['jaket'],['sneakers']
perempuan,cerah,38,78,indoor,olahraga,21,['kaos'],['legging'],['tanpa pakaian luar'],['sneakers']
perempuan,mendung,8,89,outdoor,bekerja,18,['kemeja'],['celana panjang'],['hoodie'],['sneakers']
laki-laki,berawan,10,80,outdoor,santai,22,['kaos'],['celana panjang'],['hoodie'],['sandal']
laki-laki,berawan,17,88,outdoor,olahraga,14,['kaos'],['celana olahraga'],['hoodie'],['sneakers']
perempuan,cerah,17,76,indoor,berjalan,15,['kaos'],['celana panjang'],['hoodie'],['sneakers']
perempuan,berawan,34,97,outdoor,santai,6,['kaos'],['rok'],['tanpa pakaian luar'],['sandal']
perempuan,cerah,10,78,outdoor,berjalan,10,['blouse'],['celana panjang'],['hoodie'],['sneakers']
perempuan,hujan,12,74,indoor,olahraga,7,['kaos'],['legging'],['jaket'],['sneakers']
laki-laki,cerah,15,67,indoor,santai,20,['kaos'],['celana panjang'],['hoodie'],['sandal']
laki-laki,hujan,12,81,indoor,berjalan,11,['kemeja'],['celana panjang'],['jaket'],['sepatu bot']
perempuan,hujan,17,92,indoor,bekerja,23,['kemeja'],['celana panjang'],['jaket'],['sepatu bot']
laki-laki,cerah,9,83,indoor,santai,11,['kaos'],['celana panjang'],['hoodie'],['sandal']
laki-laki,mendung,17,83,outdoor,santai,10,['kaos'],['celana panjang'],['hoodie'],['sandal']
perempuan,mendung,32,84,indoor,bekerja,23,['kemeja'],['celana panjang'],['tanpa pakaian luar'],['sneakers']
perempuan,gerimis,18,64,indoor,olahraga,24,['kaos'],['legging'],['hoodie'],['sneakers']
perempuan,cerah,9,79,outdoor,berjalan,4,['kemeja'],['celana panjang'],['hoodie'],['sneakers']
perempuan,hujan,34,97,indoor,berjalan,11,['kaos'],['rok'],['jaket'],['sepatu bot']
perempuan,gerimis,24,79,indoor,bekerja,16,['kemeja'],['celana panjang'],['tanpa pakaian luar'],['sneakers']
laki-laki,mendung,34,61,outdoor,olahraga,10,['kaos'],['celana olahraga'],['tanpa pakaian luar'],['sneakers']
perempuan,cerah,28,90,outdoor,santai,19,['kaos'],['celana panjang'],['tanpa pakaian luar'],['sandal']
perempuan,gerimis,19,100,indoor,olahraga,4,['kaos'],['legging'],['hoodie'],['sneakers']
laki-laki,mendung,11,93,outdoor,berjalan,16,['kaos'],['celana panjang'],['hoodie'],['sneakers']
laki-laki,hujan,22,92,indoor,olahraga,2,['kaos'],['celana olahraga'],['jaket'],['sneakers']
perempuan,mendung,29,84,indoor,olahraga,18,['kaos'],['legging'],['tanpa pakaian luar'],['sneakers']
perempuan,mendung,38,65,outdoor,olahraga,24,['kaos'],['legging'],['tanpa pakaian luar'],['sneakers']
laki-laki,gerimis,25,94,outdoor,kondangan,23,['jas'],['celana panjang'],['tanpa pakaian luar'],['sepatu pantofel']
laki-laki,gerimis,27,78,outdoor,berjalan,24,['kaos'],['celana panjang'],['tanpa pakaian luar'],['sneakers']
perempuan,mendung,33,81,outdoor,santai,15,['kaos'],['celana pendek'],['tanpa pakaian luar'],['sandal']
perempuan,berawan,10,88,indoor,bekerja,12,['kemeja'],['celana panjang'],['hoodie'],['sneakers']
perempuan,berawan,31,87,indoor,kondangan,19,['blouse'],['rok'],['tanpa pakaian luar'],['sepatu hak']
perempuan,gerimis,15,95,indoor,olahraga,11,['kaos'],['legging'],['hoodie'],['sneakers']
laki-laki,berawan,23,75,outdoor,santai,2,['kemeja'],['celana panjang'],['tanpa pakaian luar'],['sandal']
laki-laki,hujan,25,84,outdoor,bekerja,21,['kemeja'],['celana panjang'],['jaket'],['sepatu bot']
perempuan,gerimis,35,63,indoor,santai,12,['kaos'],['celana pendek'],['tanpa pakaian luar'],['sandal']
perempuan,berawan,15,96,outdoor,santai,24,['kaos'],['celana panjang'],['hoodie'],['sandal']
laki-laki,gerimis,35,87,outdoor,berjalan,12,['kaos'],['celana pendek'],['tanpa pakaian luar'],['sneakers']
laki-laki,berawan,12,94,outdoor,kondangan,18,['jas'],['celana panjang'],['hoodie'],['sepatu pantofel']
perempuan,cerah,34,71,outdoor,kondangan,22,['blouse'],['rok'],['tanpa pakaian luar'],['sepatu hak']
laki-laki,berawan,14,66,outdoor,santai,11,['kemeja'],['celana panjang'],['hoodie'],['sandal']
perempuan,berawan,14,91,indoor,kondangan,7,['blouse'],['rok'],['hoodie'],['sepatu hak']
perempuan,cerah,18,70,indoor,olahraga,18,['kaos'],['legging'],['hoodie'],['sneakers']
perempuan,berawan,34,65,outdoor,kondangan,4,['blouse'],['rok'],['tanpa pakaian luar'],['sepatu hak']
perempuan,hujan,19,82,outdoor,bekerja,14,['kemeja'],['celana panjang'],['jaket'],['sepatu bot']
perempuan,mendung,33,75,indoor,bekerja,7,['kemeja'],['rok'],['tanpa pakaian luar'],['sneakers']
perempuan,berawan,22,76,indoor,olahraga,13,['kaos'],['legging'],['tanpa pakaian luar'],['sneakers']
perempuan,hujan,22,81,indoor,santai,18,['blouse'],['celana panjang'],['jaket'],['sepatu bot']
perempuan,hujan,25,82,outdoor,kondangan,24,['blouse'],['rok'],['jaket'],['sepatu bot']
perempuan,mendung,39,64,outdoor,olahraga,5,['kaos'],['legging'],['tanpa pakaian luar'],['sneakers']
perempuan,hujan,9,100,indoor,berjalan,7,['blouse'],['celana panjang'],['jaket'],['sepatu bot']
perempuan,gerimis,19,68,outdoor,santai,8,['kaos'],['celana panjang'],['hoodie'],['sandal']
perempuan,berawan,15,66,outdoor,berjalan,9,['blouse'],['celana panjang'],['hoodie'],['sneakers']
perempuan,berawan,16,69,indoor,bekerja,10,['kemeja'],['celana panjang'],['hoodie'],['sneakers']
laki-laki,hujan,24,79,indoor,bekerja,16,['kemeja'],['celana panjang'],['jaket'],['sepatu bot']
perempuan,gerimis,26,100,indoor,bekerja,15,['kemeja'],['celana panjang'],['tanpa pakaian luar'],['sneakers']
perempuan,mendung,9,67,indoor,berjalan,10,['kemeja'],['celana panjang'],['hoodie'],['sneakers']
laki-laki,berawan,17,78,indoor,bekerja,9,['kemeja'],['celana panjang'],['hoodie'],['sneakers']
perempuan,berawan,36,92,outdoor,olahraga,12,['kaos'],['legging'],['tanpa pakaian luar'],['sneakers']
perempuan,cerah,15,96,outdoor,santai,3,['kaos'],['celana panjang'],['hoodie'],['sandal']
laki-laki,berawan,34,78,outdoor,santai,19,['kaos'],['celana pendek'],['tanpa pakaian luar'],['sandal']
perempuan,gerimis,14,71,indoor,kondangan,10,['blouse'],['rok'],['hoodie'],['sepatu hak']
perempuan,mendung,27,71,outdoor,berjalan,13,['blouse'],['celana panjang'],['tanpa pakaian luar'],['sneakers']
laki-laki,mendung,19,68,outdoor,kondangan,16,['jas'],['celana panjang'],['hoodie'],['sepatu pantofel']
laki-laki,cerah,15,68,outdoor,santai,3,['kaos'],['celana panjang'],['hoodie'],['sandal']
laki-laki,gerimis,18,77,outdoor,berjalan,4,['kemeja'],['celana panjang'],['hoodie'],['sneakers']
perempuan,mendung,26,76,indoor,kondangan,11,['blouse'],['rok'],['tanpa pakaian luar'],['sepatu hak']
laki-laki,gerimis,30,69,indoor,santai,6,['kemeja'],['celana panjang'],['tanpa pakaian luar'],['sandal']
laki-laki,hujan,13,98,indoor,bekerja,7,['kemeja'],['celana panjang'],['jaket'],['sepatu bot']
laki-laki,berawan,24,90,indoor,berjalan,11,['kaos'],['celana panjang'],['tanpa pakaian luar'],['sneakers']
laki-laki,hujan,35,67,outdoor,kondangan,6,['jas'],['celana pendek'],['jaket'],['sepatu bot']
perempuan,hujan,31,63,outdoor,santai,16,['kemeja'],['celana panjang'],['jaket'],['sepatu bot']
perempuan,berawan,25,70,indoor,santai,17,['kaos'],['celana panjang'],['tanpa pakaian luar'],['sandal']
perempuan,hujan,29,83,indoor,bekerja,11,['kemeja'],['celana panjang'],['jaket'],['sepatu bot']
perempuan,berawan,35,86,outdoor,bekerja,14,['kemeja'],['celana pendek'],['tanpa pakaian luar'],['sneakers']
perempuan,berawan,13,95,indoor,santai,13,['kaos'],['celana panjang'],['hoodie'],['sandal']
perempuan,cerah,30,85,outdoor,kondangan,5,['blouse'],['rok'],['tanpa pakaian luar'],['sepatu hak']
laki-laki,cerah,15,61,outdoor,santai,1,['kaos'],['celana panjang'],['hoodie'],['sandal']
perempuan,berawan,10,88,outdoor,olahraga,12,['kaos'],['legging'],['hoodie'],['sneakers']
perempuan,hujan,16,68,indoor,kondangan,17,['blouse'],['rok'],['jaket'],['sepatu bot']
laki-laki,hujan,14,69,outdoor,berjalan,20,['kaos'],['celana panjang'],['jaket'],['sepatu bot']
laki-laki,gerimis,32,79,indoor,olahraga,3,['kaos'],['celana olahraga'],['tanpa pakaian luar'],['sneakers']
laki-laki,mendung,39,76,indoor,bekerja,23,['kemeja'],['celana pendek'],['tanpa pakaian luar'],['sneakers']
perempuan,mendung,33,68,outdoor,bekerja,15,['kemeja'],['celana pendek'],['tanpa pakaian luar'],['sneakers']
perempuan,cerah,27,83,outdoor,olahraga,12,['kaos'],['legging'],['tanpa pakaian luar'],['sneakers']
laki-laki,hujan,23,87,outdoor,santai,9,['kaos'],['celana panjang'],['jaket'],['sepatu bot']
perempuan,hujan,19,82,outdoor,bekerja,15,['kemeja'],['celana panjang'],['jaket'],['sepatu bot']
perempuan,cerah,39,70,outdoor,santai,8,['kaos'],['celana pendek'],['tanpa pakaian luar'],['sandal']
laki-laki,berawan,36,94,indoor,olahraga,23,['kaos'],['celana olahraga'],['tanpa pakaian luar'],['sneakers']
laki-laki,berawan,26,88,indoor,kondangan,24,['jas'],['celana panjang'],['tanpa pakaian luar'],['sepatu pantofel']
perempuan,gerimis,30,86,indoor,bekerja,12,['kemeja'],['celana panjang'],['tanpa pakaian luar'],['sneakers']
perempuan,hujan,31,66,indoor,kondangan,18,['blouse'],['rok'],['jaket'],['sepatu bot']
perempuan,berawan,26,88,indoor,bekerja,22,['kemeja'],['celana panjang'],['tanpa pakaian luar'],['sneakers']
laki-laki,berawan,29,97,outdoor,berjalan,20,['kaos'],['celana panjang'],['tanpa pakaian luar'],['sneakers']
laki-laki,berawan,14,89,indoor,santai,18,['kemeja'],['celana panjang'],['hoodie'],['sandal']
perempuan,mendung,12,68,indoor,bekerja,1,['kemeja'],['celana panjang'],['hoodie'],['sneakers']
laki-laki,mendung,15,99,indoor,kondangan,3,['jas'],['celana panjang'],['hoodie'],['sepatu pantofel']
perempuan,mendung,22,73,indoor,bekerja,2,['kemeja'],['celana panjang'],['tanpa pakaian luar'],['sneakers']
perempuan,hujan,10,87,indoor,bekerja,23,['kemeja'],['celana panjang'],['jaket'],['sepatu bot']
perempuan,gerimis,40,81,outdoor,kondangan,12,['blouse'],['rok'],['tanpa pakaian luar'],['sepatu hak']
laki-laki,cerah,18,73,indoor,kondangan,17,['jas'],['celana panjang'],['hoodie'],['sepatu pantofel']
laki-laki,gerimis,9,82,indoor,santai,12,['kaos'],['celana panjang'],['hoodie'],['sandal']
laki-laki,gerimis,12,78,outdoor,santai,14,['kaos'],['celana panjang'],['hoodie'],['sandal']
perempuan,cerah,27,73,indoor,olahraga,23,['kaos'],['legging'],['tanpa pakaian luar'],['sneakers']
laki-laki,hujan,24,61,indoor,kondangan,6,['jas'],['celana panjang'],['jaket'],['sepatu bot']
perempuan,gerimis,24,87,indoor,olahraga,12,['kaos'],['legging'],['tanpa pakaian luar'],['sneakers']
laki-laki,gerimis,19,93,outdoor,berjalan,16,['kemeja'],['celana panjang'],['hoodie'],['sneakers']
laki-laki,cerah,27,84,outdoor,bekerja,19,['kemeja'],['celana panjang'],['tanpa pakaian luar'],['sneakers']
laki-laki,gerimis,32,94,indoor,berjalan,16,['kaos'],['celana panjang'],['tanpa pakaian luar'],['sneakers']
perempuan,cerah,35,90,outdoor,kondangan,7,['blouse'],['rok'],['tanpa pakaian luar'],['sepatu hak']
laki-laki,mendung,18,95,outdoor,olahraga,23,['kaos'],['celana olahraga'],['hoodie'],['sneakers']
laki-laki,mendung,17,78,indoor,olahraga,6,['kaos'],['celana olahraga'],['hoodie'],['sneakers']
laki-laki,berawan,11,77,outdoor,berjalan,7,['kaos'],['celana panjang'],['hoodie'],['sneakers']
laki-laki,berawan,38,80,outdoor,santai,9,['kaos'],['celana pendek'],['tanpa pakaian luar'],['sandal']
laki-laki,berawan,8,90,indoor,kondangan,14,['jas'],['celana panjang'],['hoodie'],['sepatu pantofel']
perempuan,berawan,14,90,indoor,santai,4,['blouse'],['celana panjang'],['hoodie'],['sandal']
laki-laki,mendung,28,85,indoor,berjalan,18,['kaos'],['celana panjang'],['tanpa pakaian luar'],['sneakers']
laki-laki,hujan,35,85,indoor,berjalan,7,['kaos'],['celana pendek'],['jaket'],['sepatu bot']
laki-laki,cerah,26,95,indoor,berjalan,17,['kemeja'],['celana panjang'],['tanpa pakaian luar'],['sneakers']
perempuan,berawan,23,94,indoor,santai,17,['kemeja'],['celana panjang'],['tanpa pakaian luar'],['sandal']
laki-laki,berawan,17,85,indoor,olahraga,2,['kaos'],['celana olahraga'],['hoodie'],['sneakers']
perempuan,gerimis,8,86,indoor,bekerja,8,['kemeja'],['celana panjang'],['hoodie'],['sneakers']
perempuan,berawan,10,68,indoor,santai,13,['kaos'],['celana panjang'],['hoodie'],['sandal']
laki-laki,cerah,28,99,indoor,santai,22,['kaos'],['celana panjang'],['tanpa pakaian luar'],['sandal']
perempuan,mendung,17,64,outdoor,bekerja,5,['kemeja'],['celana panjang'],['hoodie'],['sneakers']
perempuan,berawan,8,78,indoor,berjalan,2,['kaos'],['celana panjang'],['hoodie'],['sneakers']
laki-laki,cerah,40,79,outdoor,bekerja,15,['kemeja'],['celana pendek'],['tanpa pakaian luar'],['sneakers']
laki-laki,cerah,39,61,indoor,olahraga,10,['kaos'],['celana olahraga'],['tanpa pakaian luar'],['sneakers']
perempuan,cerah,34,62,outdoor,olahraga,18,['kaos'],['legging'],['tanpa pakaian luar'],['sneakers']
perempuan,berawan,33,92,indoor,bekerja,6,['kemeja'],['celana pendek'],['tanpa pakaian luar'],['sneakers']
laki-laki,cerah,16,60,indoor,santai,10,['kemeja'],['celana panjang'],['hoodie'],['sandal']
perempuan,cerah,13,95,indoor,santai,11,['blouse'],['celana panjang'],['hoodie'],['sandal']
laki-laki,hujan,8,80,indoor,santai,15,['kemeja'],['celana panjang'],['jaket'],['sepatu bot']
laki-laki,gerimis,12,62,outdoor,santai,3,['kaos'],['celana panjang'],['hoodie'],['sandal']
